Position, Company, Region, URL
ITエンジニア/Python/Django/未経験採用の求人の詳細,合同会社シェアストック,在宅OK in 茨城県 つくば市 研究学園,https://jp.indeed.com/company/%E5%90%88%E5%90%8C%E4%BC%9A%E7%A4%BE%E3%82%B7%E3%82%A7%E3%82%A2%E3%82%B9%E3%83%88%E3%83%83%E3%82%AF/jobs/It%E3%82%A8%E3%83%B3%E3%82%B8%E3%83%8B%E3%82%A2-70d29c9e8106666b?fccid=e0f4326f69e0a61c&vjs=3
Pythonエンジニアの求人の詳細,株式会社Next Fortune,None,https://jp.indeed.com/rc/clk?jk=ca38ffc6b186632c&fccid=a57b0ef9fcb83b08&vjs=3
フルリモートプログラマー(Python　React AWS)の求人の詳細,KOKUA株式会社,在宅OK in 愛知県 名古屋市 中村区 名駅,https://jp.indeed.com/pagead/clk?mo=r&ad=-6NYlbfkN0ChRTUzbtvfopGEbJjvlEbqPNvRgKT-I2zOVsG-pYhhQ6cVcKBpf53v-ZwLPXEuvXXp43M7v3Bl-XKlQQXTu-LQEDhGxwgI9U2HsIOS3bxVf9H7h5gaJR-skQ2iexH6TLI6f_8kiYnNO0BcSBgf1W4Va6TtVBPttxwO4haNGcq0nhg01XpT6QcV7tYA9YrBDmSLvXZQ3pn9HQau2kWjPBI4ZvmLTZ51J4iaQZ0dcojSaP9r8iJNg0uBq7UovL6Blo-3eebM2vwcF8kcFeKnlBwIK3HjRJcMeEGt_Lucf5ZhTo9Z3y4rkKvy8Sf7i_l4GMc1J82TpKm-BqI6KnXcucu57tRC6Md_okDmkj8t7wnpdn4mDRxEUndj5PGCGqlKiQtf1v8_frJbdW-ly3-4X0JUHgT8u__4KeGYXNh1iPpofIBRJiJgjo7973Bkgm1ubuCWTSuwetVPjqrUT8Ojsues1Wr2uN8k2ecG8sMUMMOzo5EI6r3wsB11r8pTERqneQBjD3WdbbQtgiCn6vrgIiekHvfLIf5jK2YAb1JHJ5j4jZ7e-cZUGkmoKilXyr2KjhY1jReogtBNV5686XoR-syAalWJ29N175MvYl3YlX4i6lCuGtBwuSrX1LYtkiJHlI9HxHbjLtMNgBiIOTT7VCnJmKxumXxCNarndGSw6F2Uxc0enQs3SZ7rfofX_VDpjlz3ah7NnVtN3xj0j9JGULVzXdkQAtmXrAKRSUXbGUffivkbpdsDZUlmuJhwrEDHsws=&xkcb=SoCv-_M3KCa6DFQJXZ0JbzkdCdPP&p=2&fvj=1&vjs=3
【Python/時短/副業/リモート/エンジニア】の求人の詳細,株式会社PRUM,東京都,https://jp.indeed.com/pagead/clk?mo=r&ad=-6NYlbfkN0CDEW_Ht5WxuNoYzBeLBgfg8UOJuravAFYiiYYUpoxezMm__m9FQW2__r1Lwh851jlj-NxVRDX4Nvdyd_QcWZEVyWguXg-7BMvu4IEwQE6KIy00yRU5U6vzEIHYfCL4KoqNvtO3KxnRAvi1ST5w9nliT_pesdMFf63TT-mpUe0bKgUtAd17aYfevQ3MFflQ5l0Ny9_4-v1d2mstl7AumG9GxmPf9HUsILWwsPp0tHAZjNw6Jc4djwy024djDZa0wOJV4JyQ-7A0by_61VgaazRjC0lJjTj2Akow2sKjlFVE16Y4Kd_L12nBFkiJt_YcKc6o3q2BPh3Rf2iPC4xv8R2AmnZUJV0DyMUvvt7GmG7u7Ji2yq41-tfuAMy6MlXSaM6ecIEZ2e_jxXDk4CJcZfLPK5DY_qxmQDnBjuQ9qNauDVIGr-O8fE9bZ8B5RRBRAxOLOqpSFOMxgMwyKy8qoqrQcwi9dnLhbZOZcShP9DZZ4SFnfrbq17XI38etfvvgtvRpR09luKiuNIv_Tph3IehKAECimDDqsnE4crowcegWuiP3lUBSa-x8wz0hwGDL9m9IuIUaRc2kOMHIiGB9jXDP5dWVrzTwrDuCej8FIk5NfZSRi7DPhXkjQj43vyRFSoJvXhgIwxjkLojJqrqkXWi4sfkw1XfErtuZYJOPV5IJjVBNjFYOCnKPC1qWgkQVY_FmB3QeS1e7I1TuDrArzEjvcqM08une1Jz-5vXVyuDsVEgKEYjEeJ-D&xkcb=SoAb-_M3KCa6DFQJXZ0IbzkdCdPP&p=3&fvj=1&vjs=3
[C#,Python]ビルのデジタルツイン化の求人の詳細,株式会社イーブルーウェーブ,大阪府 吹田市,https://jp.indeed.com/pagead/clk?mo=r&ad=-6NYlbfkN0CkTIbCODiv-55UXJG-RDjtJSZT0eyfQagAAZ7Q2yQhhpdiiYCjhKOX6JQmvWlM9DoNGe-glzKuY5VHG4dTf_F1yMmgwtxLVQqmreP9sCCBJYOTVJ5bksxSZAu65ELuJHdRlFUKJaFydUrQVQLfauUzUJmtIEA5K-xADAjsNcSkE_UJEvapRhndMKajgcg9ACSIzbH_KTnIEjYb0zeBG8eqc8SxIUmnJpvmI3fFOhnBjkHzE4nk9rM89JgElimIqb_gZToSb_6SfkbgH3pBmgr_GZ-Q3qAF-vsVPiRxdqcxAEnbYJ1DEOEK7UgM9FVbkz4UXxnomP7emCM7GkUoSZeGeuBkenZMzSqW_JjUDDAqUrtiH795TYp16b1uHx8jALYcp1xIhC0jPHe8IPRF4rGv4R81e5QlH-h02pfCbUhPwx1Ou2Tjrr9CqQGjwdvJEDoN75jMIMR_0MYf0TDR6bAx3JmsonGOV8j5bR5ifyGc_Z5QK-0B4sa87cypoPVD78LfnucRVoeA98rJmt5lAP_L4JSZt1NHOA4ESJz3YPmlVgUjBqWrBR8cxd2lP3QhU_Y0Oo27ThNsVwVqDBkG8gnSJOByozg9sFhowMuBZ5FHN8IebgCPe43Ca9BMfRzJjShPZKHIRSZG19jFjN8HL_04vp-VSabkbJmHHb4fsKE0DjGN0BVw9aPj&xkcb=SoCV-_M3KCa6DFQJXZ0PbzkdCdPP&p=4&fvj=0&vjs=3
システムエンジニア　Pythonエンジニア　未経験でも大丈夫の求人の詳細,株式会社ブレーカーズ,東京都 港区 三田,https://jp.indeed.com/company/%E6%A0%AA%E5%BC%8F%E4%BC%9A%E7%A4%BE%E3%83%96%E3%83%AC%E3%83%BC%E3%82%AB%E3%83%BC%E3%82%BA/jobs/%E3%82%B7%E3%82%B9%E3%83%86%E3%83%A0%E3%82%A8%E3%83%B3%E3%82%B8%E3%83%8B%E3%82%A2-bda191356864fe8d?fccid=3c3806a2f95a9808&vjs=3
プログラミング教材作成(フルリモート&完全フレックス)の求人の詳細,株式会社if,在宅OK in 東京都 23区,https://jp.indeed.com/pagead/clk?mo=r&ad=-6NYlbfkN0BA8EGjVdfWhZa8vRek1ZG0xjvCNFZrVcRVLJAnLASqMqKcHSS6K-TbnWU8fDHTttp5caCl6m-Tjfze1eVcRJ8GDZrRPylUCvKJ4ajfxwWfs8JTbVAAGE0O1qSVfPQIw6yc61TTFjzwiAmLF5_VQEGrDCEwptLVqnHqI62nL_MUmqODoqTRsg0BQTN_P-eyaXTNDvdK-tTy10e8BtFAkrhDiNF9nNWh3vsXyCUxY4_xA5OlMWGL4ntNZIqAKoh7OW0Z1gsiwJvpb7gxf-BXrvT4ID-D-MecRQHY_vQKXCE2Nv6jq5WZnL1rATznvFU9_vpuIciuJNMC_keXxzW05jPikthZiBegMWUcqnVAEPgfIUa6IHukdiQ8mlYsVg7u-Y1Keu-vSWVmTMSkBL5LqvW6t_s_qFG58c9yIAccL8S_nFfTOTqdtlGD-1OSD98w1-pVURZRJ_3q4B4pXRCcpywOxit9dksJogdAuLuwYB1HfMh9Got3ghi8AreYVJFN3qBb18rCOIyxB0ssLICV4KUnPPnMlY4m-r6XBO2la50jDjc39Vf4rX9BgJ40_O6Z-9ThtPJDaCtTwes9-ptvQwLzAIajYK0VpdBC7q2fm42tyBLGp02DTpIfrNFkvpQJYxc6wCg_4sTBkaptf8xNojR9fv-wuGTHJrekvOkrWIAJI0-HBtryGDQyp2oZKJtRiCQCUErkQkd7JDnYgkTUZwB3QOAhy8HSe8DWNPSYnq3fqWqnuWVgHGsA5g5iP9_galUDAkqI6-6glAD4E0lCll9ULwkGZawpPrPy46ez9rjSiis0FWsOeC-IiydLAB6iW7aT09HKd7aF7sM1oFfYXxNBZyiNwhYGLxfDbDTaVZf99tJN9-_1S_xSqhz-OFOEnYpJuwROY1lXQwaX7onWZ2epcpx7DF_R2S7KU5Irc-zJLKnDXgx1t-IvoCph6gN0-n8=&xkcb=SoC8-_M3KCa6DFQJXZ0NbzkdCdPP&p=6&fvj=1&vjs=3
【 業務委託/リモート 】【 SE 】Lambda開発(Python)の求人の詳細,株式会社MOVE,東京都 八王子市,https://jp.indeed.com/company/%E6%A0%AA%E5%BC%8F%E4%BC%9A%E7%A4%BEmove/jobs/%E3%82%B7%E3%82%B9%E3%83%86%E3%83%A0%E3%82%A8%E3%83%B3%E3%82%B8%E3%83%8B%E3%82%A2-c3a1a7733a629ff6?fccid=7f83dc61311de510&vjs=3
空調・家電向けクラウド関連の開発の求人の詳細,日本マイクロシステムズ株式会社,京都府 長岡京市,https://jp.indeed.com/pagead/clk?mo=r&ad=-6NYlbfkN0D_02-cMPjIZffaz5lsJekcOp8aXU1EJ3q7DJvUiD_sNzx7hhzyjFsLCZk_RVsPXFQB3Gq9p9ilvpKme9gMbHxKFnVLBuOls5qi3DwRGExOPfAcP6ZJqVMIaDOIPaAuinooMuEm8CqoKeLBbM7b27S5M2lreE_YkGYyr43qllpJwAUmy-uAfX0RvyxaSubfSgiif_MwcyB4Uhbat4cufnEy7v7tVqJto7rtGWEFzPmnQAagafUFaR6stwBMHuOIEdpMBscSjE0UoeKP-uXbNgf3xtnNDZZJKBgDbkuCh9ZZsJsV9VdCmsOBtOCKQlc2elxg22AXBxipWqajdSJ4OFzJK0Hu8fq3GZvm0JYutxfQiJZsNjyF_ZOT8Q3HLFpfOYvN6k6XoeTy0Squ1wZDufURdGcaASwC3afkjPuiGhOtU9M0TGICkTtDA_57eWmmJAZ6lCHNeO733XFZ8P7jzX5ofUuhfCQdo_0YeI98vIIsfrbzYdXQAslhcEhpXpRy1kf5CTziKpTlDTSwOCT5IEMprGRn8bfp9W5e259mFODWH5LbN2wh683n0Zhqw3qnGh-A7JU6aNtIL1QXg1ipFRCio8Drbl9c7aRo0Sf3iQ5DXOTDI8fO-eZlw5ZE-4FP5qqLDKPn2Uh8OHLxv07kBwmlrsqPGmTtHSSlIv2avMKEEvmF2HNEwQC1cMhT2Bg7WIjRwv3OplI0XGumAVxogVtfUfIibKM-Kqx1gAIqPv9WqUgP5YZzbSQHHddjkiProuEmPDru9L4vBJDjKBPQxQmhtBCSni9I1Wg=&xkcb=SoDh-_M3KCa6DFQJXZ0DbzkdCdPP&p=8&fvj=1&vjs=3
Pythonエンジニアの求人の詳細,創創株式会社,東京都 千代田区 大手町,https://jp.indeed.com/company/%E5%89%B5%E5%89%B5%E6%A0%AA%E5%BC%8F%E4%BC%9A%E7%A4%BE/jobs/%E3%82%A8%E3%83%B3%E3%82%B8%E3%83%8B%E3%82%A2-623c983104a4bf1c?fccid=c35b7754d7a187da&vjs=3
システムエンジニアの求人の詳細,株式会社Neueallle,大阪府 大阪市 北区 芝田,https://jp.indeed.com/rc/clk?jk=e2fe488da8735b94&fccid=2d47e471ab73a489&vjs=3
ゼロからの研修があるプログラマー・コーダーの求人の詳細,アーティカル株式会社,None,https://jp.indeed.com/company/%E3%82%A2%E3%83%BC%E3%83%86%E3%82%A3%E3%82%AB%E3%83%AB%E6%A0%AA%E5%BC%8F%E4%BC%9A%E7%A4%BE/jobs/%E3%82%B3%E3%83%BC%E3%83%80%E3%83%BC-d578e383ca119d15?fccid=32522367b004a190&vjs=3
※フルリモート(都内在住者のみ) 長期案件 “Python” ライブラリ設計・実装の求人の詳細,ヒューマネクト株式会社,東京都 港区 南青山,https://jp.indeed.com/rc/clk?jk=566be5b895fde2c1&fccid=02ad673136757c06&vjs=3
【Python】医療用IoTシステム開発/開発エンジニアの求人の詳細,パーソルクロステクノロジー株式会社,大阪府 大阪市 中央区 堺筋本町駅,https://jp.indeed.com/pagead/clk?mo=r&ad=-6NYlbfkN0DiB0UW_1NZIJ9skl3XvTMASDSGCbiIE45lKiSzIAB83J5zNxg2Lx1khv57e3N_88ChdO_eHCy04qHlWl_tr9FM6fsC5MAbsPAiWGPyD1XHirBxOzVtm5VypSM2_5Qtjad1OAp3APDFjjoqJt6045M8WUavZhER55idizmHpEVj7FND8A-7zDqZBCGH8wcbribmnk994SQIgjC5AufSpU6Mekc3QJ3cT4qcBK3vJOEA2wuJB2wnUxt-rsaqPw83tSin3yE9btb6Ctkz6IF_j1SrSj6eF9h2VfL8CnCRsuvyGzzi5G6MeuF-hekv4fiufqSOBp87kPDa2nXbd4Vj_JNIyMsveFrCl81wxjCCP5R3tp_KEzt-kO3HsFO2b_y57MdM7UopcDejmtGIcDzWm2FqSr_uvWBOcDbiiPoSpPBKhzzKCZ8R6Njn7T0r8jLW2zHJtLeYgFAugC-6jcWJK1PVEIbsckLgtqSxUj5kuVFnN5e2qdwjFD9MBxZKQyk6PX80g1G4qbo1D35roupAqo9Lc0JsrV9sCEpm_Ij09NSd6aeMsbtZFYiZoSAKpcTGOZ22u1-V4JjLAW9mn3G_lQWe9M4aW7o_Ap-ggAZKVRq__RMpm_AMQNpO2J2LhqB9t78tRYBAT5tn49hZblmWJ6cjGRaBILQRAMMpbGkmHOYUsOWNqXSTb2uRcroOIIMz7ik8iw3ylc0Wfe6OkdM1exoROfTUxI7NSaISgWNuEZDWNzd7cbhRnL0h9kOKBaovdwUvlWQJUaMc-VisCac6GBYuMs25ruLoLx4=&xkcb=SoBG-_M3KCa6DFQJXZ0GbzkdCdPP&p=13&fvj=0&vjs=3
【リモート】Pythonエンジニア 健康管理データ分析の求人の詳細,イチアール株式会社,東京都 渋谷区,https://jp.indeed.com/pagead/clk?mo=r&ad=-6NYlbfkN0Bsc7vIvQrqLqHWf2CvnGd9Cnn_g0Jz_ZsZOSdDPKuzJXTedPPe5wBBxh_SyLmzx7CQMVW8L1-nd9I5XkuS2rWAZ4JYcIRXccEhsi5mwp276ooyx89S56MfYbCu7Bjye2WC9d31ufJwlB8BP23hd2RdIDUXKF04zAMMEzqxN0qwcHqbam8QwHWZP-Yu4rOfaspAQCLq1LIlS3yCUhaQ81giEADGGWvr9JJggKM_-a1glAoZk5rPByY3H-XpsNR_Mmb6cL19EYo4WFUzbbzfed7z4xPtYB4LT0a5gtkxmqPePRKK3XTPpC0kuZzaDWj1nzWdVPTqBdSnuNiPoqb_TaFoZM0nOfQ2-aA8wu15LEl8J8I_CN_AkY4RQFHIO5byECoeMgDiVEl1g_v-8ZFoozRAOSm3lgUBCOQlTK-uqOCup8W3C-JzR5zkAyj6YARtLWNC3AHz2OSyw5w2_2_j0se3HbC8fPMhAbaW49oSpe9cyFvsklcygDinBekau0byi2LQZTm3Q0FbVm9wyp0pr7RCp2wd7WuPLj0tI06jA5eUf8-EV3VKKl7MT7a1_4Z0AR4FzguOrDsYSZlAVEbRWu7ZR1lUdDQk5eCGUTAfPQ_fyGARqg9U5c4jhL089KBweUZusYa2hVfljT03BaZVDLgmmqxipRUMpg6fB7rXkUUNyKd6R2ZccQsctBu34Xn5qQqsBDfDCY8otfvj3BcxymsRdrUmSxAqgpOti1j-ZnCfBu7gnHs492owAFh93KkgeuyWVBaGux0skN-devTe8i6fR-eHpe6uLYIdrMLxHhsZ6aC9o7YSVtPZKW3SM17bDwMvkKR298supCufDHchjIxlIzQWMPxWmp_F5DR2NwGZfzqI-A44PSB-q_vqCXRgQTnm3xNDtKn4hAxMf-pPiQyaIF_r4i2PGfwItfpKONjiFLXFviqr1MHrntdqS_twr-HWSSJIsQKzsXrYTvY8_JJdSIQiiZ3l7DnzV0okQbh0OLs22eIFuVVJisjjvSPjxYHtWb3-hjZLXHEZYMa4J2z6JEZAECDD40q2oumEDyAz-O2npvOe9Z_OCMmkqHD32kUAU8X1GKf-eBm_nc32lbvx2kjjhvy-6GkpjsDuPEECUUUjuJBBDug5EMUVLupjrWanKhIGAtMaOcW5GHyGvYPs4eiSnzC4I_Q=&xkcb=SoDb-_M3KCa6DFQJXZ0FbzkdCdPP&p=14&fvj=1&vjs=3
未経験Webデザイナー(フルリモート研修)の求人の詳細,株式会社EA(カブシキガイシャ エンジニアース),None,https://jp.indeed.com/pagead/clk?mo=r&ad=-6NYlbfkN0DkyezT1yRfkJ9ES3rVEG6hkCAmGV9vBS95ciAsxydXaWI_OZEVBbl2MTa4-n-oSJj8Nyd2EzP4STEGSQEggBc2-494YbLbktVgPcCpUHl0jDczLKKOkGdVvXfduKU95Ecr0J01_c-U1RgVjVO7q_BzoSgqsUg2cLFT9L3iX6kWh5xl4GQTiNw3Qrt1w-BL2gcwD6dpFVyj1XG5Bf8A6tqOg_CJRInN6G8urKXhHY1Bp25WwNxzbXw_o9YLyMgyXAomnePSUNPjZvc0xtCmAtyx0unshn3-s9ObxVT0REeN_EOPiEEaAajM-lxYcdyeEvw0Wvb10lu3UtjzpAnOdyhjmkuQ5cRJZ-Pxiicrl7rXGkKaptKBKyo6DRCHcx6RI0f16kGbdY2ebi8ddHXOOMguDMaBUpW2-IaHiyrHzMoiGrqQ0m0JyPg2SqTy_B5zvEcfv3d4Nlf_CpSZlB45fJTuNdnihpg6JqF6tDuYWfW-m2t4-wsVGtIoVuxSQ4QdlZOacXpN8905RiTcTjdAK1kIDETd1BZc4IiCFx-QEvErlpgj9cCxTWCw9ViVvAzUpZtVobKMqLqx1nB6Yzi_OsEOlXLppfDaoxPSIULIflOgSxT8gPTQ2H_BzfOlCu2IiNUMhoJiI1ffVAwRE63fbNEB6sviUOd94H1g5zjsjxLaS6B8uKjUmq2-eLQuXvfMwmEypCg42I3ff1zt80RiMUKh90bn6u0cGRWR94AfzdNAYQuLw6MVgLbIDmUvHoYE9_fxLoGSdIz6DtO4iDNrx9wodoURFNWwIBKxQYKC1nHLMcWSJtM6jqAy2RysDWSkmKk=&xkcb=SoA6-_M3KCa5wszkxB0PbzkdCdPP&p=0&fvj=1&vjs=3
エンジニア　Java、Python(django)_062の求人の詳細,株式会社Asu career,東京都 千代田区 秋葉原駅,https://jp.indeed.com/pagead/clk?mo=r&ad=-6NYlbfkN0C-v_v8Df6QE7Dx6mEuF4Zmf1q6F1ud0gi-5YyBuUj1205Z0OmdtMRgy8lyshkgfQYQQ77_PbYWdGdVXTTc2yOiWFQCR9Llsg9jUGY5ZfMpZVeSfWoXvuNApGDgd95SspaLaXmpqEkJbpywAsNa-THUATou8qU6K_MAYDKvbOuxhOqopCuPSYbFdPcG6FMMnezZkQcgMDf4P5qp4ok1c5r2KVnay6RvBxbW3VrbfTEsmjulJptoo8xzF5r7EsObMZaQyvdPy6gdp1AUUnSKLFdgSll8uOPF4kr5MqS2aHRkSU5WJ_K1UzTOS417n-IpQMPb6Jr3u2lAfQg6CFIXNFcuATCqASwKP5ShPPWgJ7PcFF6MMECNpPhL4Ws8G7KYMTPKSQpVFKSbkdC1Z9yyI99YtOm1ofvD1YmaFqX63zxCI6I3fMGzle_5mCpt7te2EQpebmqrLC3Hh1gcv9wMezEVN5CBVXlfQKM86FZktsQQPUffCCEfQmyB4tmwrNrGBmSqp4KmPn-poHQ98u8d5jBNavOmLsNDa9k3qsoKLW_OP-hKf9TLDKrh0xnz1gUZ2Gzho7ZlmHUoawQFmyxw2Z5x_hXKAbEyZW60h0n1pAy8fA==&xkcb=SoCO-_M3KCa5wszkxB0ObzkdCdPP&p=1&fvj=1&vjs=3
・未経験Webエンジニア(リモート研修)の求人の詳細,株式会社トラストコーポレーション,None,https://jp.indeed.com/pagead/clk?mo=r&ad=-6NYlbfkN0DkyezT1yRfkJ9ES3rVEG6hkCAmGV9vBS95ciAsxydXaXs2JxVtCrJkotSkHejc--fyeTIZTAM0wlGdZutKgX1SkbAgDic4apSWGrFK5JnD_2x39_U5X5UWtARcPYHAvRxf6qqxZr6slMpc7NXvIjngqk5K9BEdDR8gTGS9SSWi3cmEmhzuxuE5z51mb2aiJ5O8GW3PKN9h67X3z3StpMm7xztE29GjO9VsVw5BYfR7RE87QeF_xRG-QQtxkHoVC901QJK_GQGswi5yWhB0DFuCalq95SR3iVTKA_Wt80L3dd2wWQxqRnV_FTJly0SsI-jlk03vpEObYNGN2yS_qSMJVZCVMZbsFkfHofn4mPVlhNeh3Y9jrSfbaY0p9G5OsQQ8Bgm-PJnKCuKMU8m7RP9_vlsp_EbrECW01WlJJEKICs_8VPA_RMDbRpoIi_TmmQhmMMn-2s1VwKffaTKJvLPRlKxeEMG7JobCJMkvdTqLQmY-jC10R2heo6r6IH_H7rC_0_s8zbeF9wLT2IDkIfH-YIDyFXwjTkZ0DDXLkYm1siYLozQZm4dfmQgyQKvggiKefD6LSv8GY-eqEhaLOM11RgUL0-uwfHfdme3EvgIqY0TMmj0szGlkzPjTjS37ezvzIWsH5P40i5htu_n64uGZhFpqPCDXUBOpm_P5-7hNrCbslu4PWxxTTiZkPeAb2w--aQf7TPGawiv4-ztboisJF305d1EfIaptLPI_1E2VOjOkX-evT_F0M9PdP4am43E50zZrfS67OA==&xkcb=SoAT-_M3KCa5wszkxB0NbzkdCdPP&p=2&fvj=1&vjs=3
【Python エンジニア】フルリモート案件多数の求人の詳細,株式会社Dexall,在宅OK in 日本,https://jp.indeed.com/pagead/clk?mo=r&ad=-6NYlbfkN0DgBFKY1yWWyQ5VPIfgAuf1u99wxB9nDYjixSBxyXudLOcffI1VMqHfci6Sn1Rr8OqsF3yJmujZji4qVIIGDd43tjgg2mX1LsOPZHtgbDYPNFT-YnjrNU6JEmUC1NKCQLtQZBm3m1uKHyCSCaaViV8rxTL2yHW2ibRTDPNpxjJC1w3rKIr-LMRP8e8tTbVU-auzM-pp0k8GgPgnWfwLCX1xa-mKmcCIdnOcHxKo0SCPynT_szGsMPrMi0-cFu-OlMoA1Dok3OPYq8xTycg8NuN0vt48ie7Ug9lr4QnURMMRwKOR-T0yJ-0q54_42h4uw_9th9I-8bkVtGibgAzAkx2gfUTdK0CHXeOnkXOOVWsPRxtMUq1z2H8ONNqBttbbeOOp5jAhseB_CxBMDueTUgloNhQKum_fC1KXJOjupAFtP_34-KecFVE_ruafQEi2dKIR0FeVkqLuPiQA1XXxE6MOxtFByxEJsdIwSr_PqK0Dfv5ZvxoCcEYODTeac0OM1aI9xaGh1KxKydxZJFw8MEBr7DV8Xnn9pWi-LhRQ8iMLua_byGGsKh6OAylh0qbg8SlWbHROJLw_bqLKMq0FkZ07Zo8a4g7MF23PJS3MquskZPmAaGMWhTYVX3GwkGZqGoGwngVSsaHO0akZtJo-EKsNmVjcBREzugnAUIMBcWbkdkBHm-c2mc7DGcIeq4l2hR3tSbsOebCmlXnvBlaPBtT4pITsEBykAYEFOwQCh4lSxCAZ6aoBHsuL32x9KUxmlch_JWCr23A1aAYtqvI2A5XOcm3ac8H7UGYXKcQBe9xPaw==&xkcb=SoCn-_M3KCa5wszkxB0MbzkdCdPP&p=3&fvj=1&vjs=3
システムエンジニア/Python/JavaScriptの求人の詳細,アクサス株式会社四国支店,香川県 さぬき市,https://jp.indeed.com/pagead/clk?mo=r&ad=-6NYlbfkN0D6O5eh-_ZDup8YiaqrMHSyIqVyOgCjhd1PtBoMZcbrWHHquqzqwUROOxaocxgHh2SGtGHvofxEquWHUbrA4wgNtnd-bRvvayT3ShrdWLikqcFtBpOA8Sx4zs34vZO6bwjuGWb39cqCSrxYkw_OZ1pQGu6txM9iqH1qRWJf6ioeWYlqm2quKtLKvDck1oYkIauCYCUNt04rf7_uQ-cP8z1wtUi13w77Wk8kUhJsTAmgLiLKMfRk_detYJJ3REiHQsD06d_8TyHDd2hg9dJ_XDYa3ROFNSN-fRNxJBiWi9uOFzF1YoeQC8VGnhSQu3mj9MaP2X8JJQPY4ZtwVUryp2VUGKFX4HcNPk2CRLetCzQapAPw76lz_n06d4Vmrp405teoDtHMl9OO1PDDu5Y8Ozj02Ds3dTdfsCc6ZXKgH966y-JIwIehD-tzija-i6XR-AjymhVS2tOMf-DsBX1z44XO4vCXAo76QTUpu2FeP_P1l4cMugX3Hs_27k4vgu9EHvTE_7tlK4KcBozLVVSoKOQSnt5fGtcwzBBf7TLBTZ5HGxtLwxXX97G3r-4fpArzAY3gEYKtxdnrSfg1eSzHtPWk79kFx4m5W-XOXtGaRSupPiMzaSgnmEp_Up5FwePxB7KqsSgxqbbCAyjjIx5YhUbw5QThRXUH6Ob5TxUqcoR-sj4Nqamg1sxKky8YcClfxmA=&xkcb=SoBO-_M3KCa5wszkxB0DbzkdCdPP&p=4&fvj=1&vjs=3
Python/アパレル関連会社の社内システム開発の求人の詳細,ギークス株式会社,福岡県 春日市 春日駅,https://jp.indeed.com/pagead/clk?mo=r&ad=-6NYlbfkN0AEZeQ5BDHuTqhiTI2118DcpXXxVE54bpFUdQLTLs7Ju6skzmOmnDwKYSyD-iwdsot9VLCBNL6sOICyJdHe4L863fxu_6xpTKEp6b4Svt2K_k-1AfL0DHDcgS5mfMAhuApMjJpVYb7YzlM5A6TlD-uVE5Rqw3-kQWOHKFMbIMqTBnxFbPQoXuboMyXjDG9O29U1CNvog9bZCrZohIC2KM8rNloYLb1dyQUBrevXHf4XGRFEROM6hg0_DhrFywnRAyvAdrVrHkKIhJ6J-WyDgiM4P2TuQI1XONtioktE5PJzX6iE_t2H8ZaXMbUGQw1EG_pwHGBIkTAtHueeTp0IDE2t8f3AL-GQge-QAbKpHZeS0BvFmiKNNBkdZsX2TIdoxlRE05JoJH2Igh-ifDycfo0gfGBPQ6CLG9p8w2JL0v45Nle1Ydw7TzanmqnV9YFv-WwL5t9HrfLYS7jp7aOg4zF1-j2VFRjyjXxuKTnPPoRX3T8BqhufESB1w0r55xwiezGbXocsKLcjsd8GqlHmmQywpaAenGN0JrXd03jsDizS0o9-jRMIe9-qzyw7ezp0SVNvoUKDP8L4fz_3Gnv_LxfMxAH9-NheUGZCyMzvEtx1zNFPqT2ilM8S&xkcb=SoD6-_M3KCa5wszkxB0CbzkdCdPP&p=5&fvj=1&vjs=3
Pythonエンジニアの求人の詳細,株式会社コネクティル,在宅OK in 東京都 千代田区,https://jp.indeed.com/company/%E6%A0%AA%E5%BC%8F%E4%BC%9A%E7%A4%BE%E3%82%B3%E3%83%8D%E3%82%AF%E3%83%86%E3%82%A3%E3%83%AB/jobs/%E3%82%A8%E3%83%B3%E3%82%B8%E3%83%8B%E3%82%A2-a7fc0dddc38d401a?fccid=7d804d1d542c6f5a&vjs=3
【データサイエンティスト】(未経験可/3カ月研修/Python・R・SQL)の求人の詳細,株式会社ファンズデータ,None,https://jp.indeed.com/pagead/clk?mo=r&ad=-6NYlbfkN0BALDos2MVeoLQldyNUz3XhKiCb-YAKgaBG0QqsBGL4Do4CTXk24mhWe0hdnzpY4SWr_hij4aCbplws9nb4vMX_QDhYPuPgxN5URwRNgbaNh9qcnUtlJgPJEnWetVREEHqHhpUGMVk4I3-oMbHYpxUz8P-_KVcucU_vdbuT2gd3DuHn4slBrBfo9MlF93BKF9xrJrJRdm5W7JNVVGfhT4TOJF1Q4KvZ7A_N_q4o3yLFd6grjY43bZEl5ZFUNy8NPiE-tQBdjUuErFCPg3zgP7xVaZuGpZ_ickLX47smuBFKHqf-RF0skP68ue78pgzWmXiL5XN4a-ODbsSUnIsRcNn_AZAd3cZy_xrxUDxtOHBMqP8hjivuDvbb2xJ4mAxXpxnsbHbOlYL7rUEMUwD2yejK882eAR0e1fTUwMdz8LQPZuy0kqms9s_eQjQDEobnZXx9-v48XD-umNI92LkQzoAJ-gjI0gHVqiVk7sL_umHupDpxw2jL91BwdA30BSV6nmR96xCzIa-iFbAcy_DR3tC5sYzXxsiIlJLoe4XQfkts7ZUyjeRnKqKOAVinXWK3YZfZU1BmT-GraR2rT3EqYbVSb48KmwKyL9CdkcXPxGeUzgh1n_1LVaWjd6VN_ePU86MNS5gy3oMUw-L2dcOfgj9CGalCnb0WbZAHd9LSkV2FUygOS5WnswSWXbwVi-YAn28Gc5KDhm7LTWTBX1mXBaLvoRfxcoSXd0TIfrsYCO-LGxNF-ou_XR86RaVdz4iGqBFpOBVvxMkfzR-Paqyqn1vl6opQPuvYZp0ZCbCj547YfmDrvJXuZBTBSRjBw1-kIflS5f_7sGtBJ_XJ__3PHRrqa3ZRpOUki6yFlkA4sPlAjWHQcIZ0aG7leKJ6tQcBuU4=&xkcb=SoDT-_M3KCa5wszkxB0AbzkdCdPP&p=7&fvj=1&vjs=3
3DCGデザイナー/モーションの求人の詳細,株式会社エイチーム,None,https://jp.indeed.com/rc/clk?jk=d959101d7348c5ea&fccid=5c46c58b1917b786&vjs=3
土日祝休みのPythonプログラマー(django)の求人の詳細,株式会社エーエスエル,東京都 中央区 勝どき,https://jp.indeed.com/pagead/clk?mo=r&ad=-6NYlbfkN0BopKPkTnJsfCkqeKWcQHMmEbWARY7i5QGJGTTOKjw0IaiULtFKxVBHPWs3zx9gY0XNe5wAyISjJOjMSjQO17XUeguYohq895ccYAJQWhHZ8jsf9AD5SBMbcMwJ0sdHUSHU8AvKdsUKzlCQA_pgUofzlnDPgZfi_RJiVe_ivBJQZ_qa5y--tGv4AyrKXEpqV3i080bBoC8rqSzgA8_g4B7cGfnXIx9kD2S614seX1gMmZBe1olQHijR-1F3oJZVvhq-27npoLTXQkS-hXeTKrA1joio9SFZwFnwpwdDJGseTEzcnEGhSX5N8ltgKc6zX2janVlfT_pZQNK9269oGX0AQAda8wyyqtGSKGjBjGUf-GN65ZB3nNcKpGX6kyIAVqsmsw05E3vMBauPhkbIPVhLpjtzUUhFHqTzZ_rOl-TQbnoJAzH1U-VNA6ny3m5J9b1POM0pedIA7mGDCrVuZdRdj5czoiH0a8mnfctA8BBez8N4O0Df6vbA099hOXit-oViHVZ7d4WuYoW_Q_b7U9Dzy-Er_Xm5Wys=&xkcb=SoDp-_M3KCa5wszkxB0GbzkdCdPP&p=9&fvj=0&vjs=3
️ゲーム事業におけるデータ分析業務(Python)《フルリモート》の求人の詳細,株式会社bluena,東京都 渋谷区,https://jp.indeed.com/company/%E6%A0%AA%E5%BC%8F%E4%BC%9A%E7%A4%BEbluena/jobs/%E3%83%87%E3%83%BC%E3%82%BF%E5%88%86%E6%9E%90-8cdf0ef985ebf9c9?fccid=c9f67d9b0d24a5ec&vjs=3
Python・AI関連等/システムエンジニア(SE)の求人の詳細,株式会社パソナ,在宅OK in 東京都 千代田区,https://jp.indeed.com/pagead/clk?mo=r&ad=-6NYlbfkN0Bfsgzbb70wH9N2EimKDwVGwjM5ZFLW5Hf9srnrAkCSjLqND7tZQ5qu4HqfgSSAr5Kv2Xc35qzQcbGYl0-fjPhFb4V8vjfb9ObZXVt612a96rpAQIIMMY3KcIP2HxJ3Iq7WGEBoY-pM79OsMc-AmAebSydkKVWWzHGWeivhcB-VwfOa9ezs89_1gnpg-xVMisaUGgX2sd3yEHnlAO6Uv15Fp4aVfn8UwJjT6h9IGr29ElWalmYYe8916P739IDKSJMXVP4tLph2xG2MmMyq1nKNY5MvgEcnp3vHLAkJ3zxPdEjUZF6ij7AaKwxcFVsvDITwXD-sllG3sOoKDJV4WUitnzK5kI_kh_kXBuKcGIikuJKSwY1oKU299gx76dbhHQr3ODnhLJQuZPRLPTTK-Ih6PR5uBCBWxfuRiOOgwWxsbyGJ6YzQ7pvJcyiC4P2Gnu2I3wQ-lM63XYiHgxLQ0OMwZC9g9_0u3cFASJY_fKR1hC2_CrLW9ceyA0-5ZQembWs7ej_zRgBa05NI3HeoqIPrBra3hFEfAPr8MH-BTfE2HLy8jTavxT1IHRWtUbgqynsh0ou-U--w3KAhIgNcO0Zthj9iVOyWCttfTtvub-5JEn2GmFhIjfGpx_lN7giXXL0Px1Ie9DNyy0OvV_eg_KVSM_TKOdE9pGXVqsKtcOJ7bFyGFngbPb9KApydqnLuoTEMkztYPJrclPykzBiJUlFQIeq_4dEhqeUFRPwEh9GPyPzKcyl0zvx3SunBexJmMSq_OZo5r0blM3eOGOhIi7XG0ZR4mbE4VhBbRDvsr2ssUJkaNkx1BwkjW8cLDpoJfSTMNtwClC_nymJ7WcQzn0fAWBrzlhA_5fk-3YaWWwou-f9QyNJ33GbB&xkcb=SoDA-_M3KCa5wszkxB0EbzkdCdPP&p=11&fvj=0&vjs=3
【在宅】Python/SQLエンジニア データ可視化の求人の詳細,イチアール株式会社,在宅OK in 東京都 渋谷区,https://jp.indeed.com/pagead/clk?mo=r&ad=-6NYlbfkN0Bsc7vIvQrqLqHWf2CvnGd9Cnn_g0Jz_ZsZOSdDPKuzJVLPFM2vWcy_isuWjgXaFr7K0B_xqTRaSg_Ar_63N2ONK_8SIIhbT74Vuc7DHAavcVB-lVLH456oxVZmLPfLMEMqkrjEx1ShpdIlY9I9OIQx4mlApYbzBuzFTSjOiOAjkxL_4D_cqruHrgG7qHGSbbTKnCz57KjsLR7X0dyO50Yk6HYV5hp1Q-jLpcuuQrAUYtiqfkXOcdyGoGBrBCCoAsLNiPw0srHplfFCx2FK6bXqkHEI1TNzyWUoqmllRNCHTPeIQVWzLgFOexBKV0L6qjGJbTL5pmmztnaFgMmGa5caVAKrw3GVruij4Ws__b422bYSBXY4-lDGlS3B1NHBKY1Ho1RSX59RkHb4hLUtTb2xpuCcGWcbEtvMwgjFOgvMCOX9K3awPL4bissuD_bZ4rhq60K7OSaQC6z7mYgsGr6_KW59ANlKYc-sXYKTy4IEOcmfLNOng4O7s6QRMkix4HmV4o6mNSB-iWR6VHhg-zY5l1keb-18Z3VIZzEh8ydY0SBFGKjuxPaWiBgEQN74ctkXP3cArmRHv47kjMSXXptlJ6oKn3ttZp1jTuusPGgSu1IVl-Qb1lXZhzkf1tYHFNF87vLZA9bF2IUIrwCGYgjdY7FPju6oGVaSls0AerOzsoFTU_KYHHOzlekITshZpVTdGePTV-QdZLp-YRtGeJNgQUFWZkhI4-TX-bZWO-p5yrjyjtf6EFtMiYe9Drfkyv958hq5dUnA2TUjCy4HPM64F9sENYozDVMXyBtJN2c-DWExp6KtrKESbDw0Dz8_Y6WJAyHjL9BIkAKqITokmqWKxdy3KasHppcOdVfVyG01bTLrLVcDXaCEHDpduABkbx1zwfNYHyl8mDGSet1WGsSrWuabmnfg7qThCUie1fqMpFGYjbilI1oOHFn7eBYM1Z79d5CD5DQzjPdeAwB49nXYPiRXg65anRVQQkpPLcvs0lwOSF2jXj652vRfojLCFapvzKXprucRfCfbYPjVAgmpbLi8wBk_E-Gr6Yfvwgcn3nN6z36jYbjnPMmRCU9JtxdpbrxYFBF5hg==&xkcb=SoDn-_M3KCa5wszkxB0bbzkdCdPP&p=12&fvj=1&vjs=3
フリーランスWEBエンジニア　未経験でも大丈夫　JAVA　Pythonの求人の詳細,株式会社ブレーカーズ,大阪府 大阪市 中央区 南船場,https://jp.indeed.com/company/%E6%A0%AA%E5%BC%8F%E4%BC%9A%E7%A4%BE%E3%83%96%E3%83%AC%E3%83%BC%E3%82%AB%E3%83%BC%E3%82%BA/jobs/Web%E3%82%A8%E3%83%B3%E3%82%B8%E3%83%8B%E3%82%A2-fed289621fb024e7?fccid=3c3806a2f95a9808&vjs=3
プログラマの求人の詳細,株式会社テイクス　東北事業所,宮城県 仙台市 青葉区 中央,https://jp.indeed.com/rc/clk?jk=745d94556c94c69a&fccid=3b334d6c28ff93c0&vjs=3
システムエンジニア(Pythonテックリーダー)の求人の詳細,KOKUA株式会社,愛知県 名古屋市 中村区 名駅,https://jp.indeed.com/pagead/clk?mo=r&ad=-6NYlbfkN0ChRTUzbtvfopGEbJjvlEbqPNvRgKT-I2zOVsG-pYhhQ6cVcKBpf53vJoRr5-gwEMv-xWwUp8GBV8dr75Err793-i_2vQXnGhvB2vLJpR_Ltofr6O4UYgjnmtu674IkPTt7WBMV1-H60qlGLjI-g73w5V9a97qBwtiaDmvT4fK2FQDJlexha0qrH0H7OJDJpCuBCETEkPEnRzTp_RidfhF3V0DmWTRskgqh7hp8P2VlOFVMO8XSUifp6aQJ9uysksp9BIGfaZPyO0cRKBVIUbIzIkLDyFAae9MDbxRuAPonAjGP9cI5YV2IUhlY8N_bXzGoaYgfg18Vh5Lcr-grEQnmV1C2mx8ZIP5dSTJttbBKFuLF_kyZ158mUGldFfRCgqYAtdniI7flA7nF_Ip1QvMN4TLeC5BxxWQaOH_2a99VEaW1DBtSMltxICMz8MUt39O32L69GNwJtCJm-Xk9lGzW_0iF8rWkgaMx8QW2hqQPqv3A9SBIs6nJk_J-Fqi98FlhnoIf5c1V6HLj4BYfNYV8tIrUSQwc71DMsgcumdQ1ZnrEeFuV03hjpXQNuD-3HKvGYdvwiotS1f1NouLCl0qk2xVx1DXCQOkZtpImbNvNqEP9foaJvlo1JAJMCocnSeLbvlIJKNVXir8qmNNEszDrqSvOed0uZcdZ2hSSU2lZz-_NRGc7xnkOEmHLD__juKmldV7ynpxk9AGkXy0QhWLydTG_mGf2o_94zpTlASeL4za1wTM2IlxnoyVLzhPCXuiATwAjpkMWx17o03GNLuQlQbHyBF1xZUWyzc94xcbIRFf29irWNV7u6QrjU0B6_so=&xkcb=SoC6-_M3KCa5mFQJbJ0LbzkdCdPP&p=0&fvj=1&vjs=3
【正社員】Pythonアプリ開発エンジニア・プログラマ/完全フルリモート・在宅勤務/家賃控除の求人の詳細,株式会社UNBORDER,在宅OK in 沖縄県 うるま市,https://jp.indeed.com/company/%E6%A0%AA%E5%BC%8F%E4%BC%9A%E7%A4%BEUNBORDER/jobs/%E9%96%8B%E7%99%BA%E3%82%A8%E3%83%B3%E3%82%B8%E3%83%8B%E3%82%A2-4774df97699bde16?fccid=47ba2c6d41e1623b&vjs=3
プログラマの求人の詳細,株式会社ネックス,在宅OK in 東京都 豊島区 長崎,https://jp.indeed.com/rc/clk?jk=613f0bb6baa46e22&fccid=4a70a0ce2cc9548c&vjs=3
《Python》データサイエンティスト《フルリモート》の求人の詳細,株式会社bluena,在宅OK in 東京都 23区,https://jp.indeed.com/company/%E6%A0%AA%E5%BC%8F%E4%BC%9A%E7%A4%BEbluena/jobs/%E3%83%87%E3%83%BC%E3%82%BF%E3%82%B5%E3%82%A4%E3%82%A8%E3%83%B3%E3%83%86%E3%82%A3%E3%82%B9%E3%83%88-7f432e97b2aaabb3?fccid=c9f67d9b0d24a5ec&vjs=3
Pythonエンジニアの求人の詳細,株式会社Lif,東京都 渋谷区 円山町,https://jp.indeed.com/rc/clk?jk=d1b6b4f667e39d13&fccid=ae1cd0dbeb8242dd&vjs=3
【Python】設備監視システムの開発/開発エンジニアの求人の詳細,パーソルクロステクノロジー株式会社,愛知県 名古屋市 南区 大同町駅,https://jp.indeed.com/pagead/clk?mo=r&ad=-6NYlbfkN0DiB0UW_1NZIJ9skl3XvTMASDSGCbiIE45lKiSzIAB83J5zNxg2Lx1khv57e3N_88COeB5BDX-99JBMjZgcULGvqLhcZsHnNwaWtY-E8Pvo67zxU-kACTNsaZb6f-n2IYC3ZfLE5_JapmsxedA2lF4g3bJimNBgV2fJyoDjpEtgv83SHh006k_r_g1f8Ro0CMwR8tUY0oKncp836C919-dMVPW7P9dryYg82bbwO6jqTHsqr_DQxjaTQfTd5Yo5sxm9VGHsaZzDtd8aIikCu64utp0L2gZ1sMGJIhZpoFN9sO9pdcy0cmAe9vLhd2_WEw0TVPE0FmcgonVSfIh35-GPxiNikRCR4fzH26jQcwJ3Eer0z5AConBxPtIuVlYAi44_JXOgIRWWE-sfm26e_6FbvzY3dDBLIh3AAHbQMBb_6lua1skfCSfgqEfdb8On6RanOrSsqfAg3kbux3_sHPW8Muii-y0MAxx2xvr-w1bDeQvHz0s9do6K2trhXDClGnpIgNNrEWC7cQO-ewukMDmI1AoZe3__j7CURC64follx4aPBbIZsGQ9NTzxsakS61n8UYAL_HXvEdDr-G0VleZFJuzAMJqeX5Oh358WSkYQwRIsKB7XC53PhMlqpBQM_1YtnbBKXqV4L29hoKZGnDichvRK7-tPE3yrAly5Aj2HtKXAYm9RqJSxUYbgWH4SrPrkcjYdI6spjIuC2RDrYaKdl-aETJ-DqL-h4ZLdHz8OMyiUxOYpRFf86WAQmevoFiNQVqJhzzLzvgCZ-7UJU078&xkcb=SoAd-_M3KCa5mFQJbJ0ObzkdCdPP&p=5&fvj=0&vjs=3
【完全未経験】\\ IT エンジニア// (3カ月研修・Java・Python)の求人の詳細,株式会社ファンズデータ,None,https://jp.indeed.com/pagead/clk?mo=r&ad=-6NYlbfkN0BALDos2MVeoLQldyNUz3XhKiCb-YAKgaBG0QqsBGL4DvOt5E88ORQ5YFnRADhoysNVmZvAJAc02jxqT0qnUauFMxaIgHCdf2W9lxH0Pv07qp2FzFqKbGW7mdLo-K8-RmJzVd_tTxEWCva6NNSIktlyEqWBBx_a39TAuViKkL_zQd3fNPJOB9-U0PxTfctdWm_RPrdh73NLBnTTutCvu_6eGhOP1xT0qh3meCF0QhguReHc7q-cG1s9p6c30kkz5yDBSFJ4qJcCPrkpT1IgaxtKEkpNT7fKZJ9t29qxEpia_fMUPKmHTjxmy6CO8mTlTb78mYM6L7fyb_NqEiAjleFs3nbDtYBkARaUndXJ0yWbsuvf2N7HX5NEERVouOe5MmQ8LeV7S0tTesnZ7psYY8AtJddMuPZlydfGjEr4yY9PptrxcpW64weUAQc-8iDejUNKYR1DCt5srAwhxRq-bn5lzgLPdbFhxbc8S8SxhiSqSHj-8ByciqyTwQCVHkXTbrz-ryWonRnK6k8awysl6BHNgQM7wAHc-5TQhjpk40UumIlnGZ_oRNNj9wrG60MtLS7z2Lg1SEew96NYhFC7cHBTqm63Qm13KgmQGi0BdMunBWNwxEShT9JtMPaQM5iHovcXgQ4AP8R8Ly_PtjLjspP5twjEVoI34CiUah8M-gsde1dJBN29dEKZ96ZRCMU1qtdHI0obkp6eL0N3WJ2i4A8FtD9RzKoCX32Ds3gddcQD6dBERyXuXcpBEtcu9tb3VInv4v5UweU78-1WTTi0DmZdZM9m02fZR7Y=&xkcb=SoCA-_M3KCa5mFQJbJ0NbzkdCdPP&p=6&fvj=1&vjs=3
プログラマの求人の詳細,日本マイクロシステムズ株式会社,京都府 長岡京市,https://jp.indeed.com/rc/clk?jk=54875e239ccef8e3&fccid=cabe788f046981ef&vjs=3
エンジニア職の求人の詳細,株式会社CARTA HOLDINGS,東京都 渋谷区 道玄坂,https://jp.indeed.com/rc/clk?jk=d26647d65af66304&fccid=750fa399769e83f4&vjs=3
【Python / 経験3年】データ分析業務の求人の詳細,株式会社ビズリンク,東京都 千代田区 溜池山王駅,https://jp.indeed.com/pagead/clk?mo=r&ad=-6NYlbfkN0BRHm2IxWC4713jVl4c4cUIIbv2KI-0hD5gZ9F6ipdBrByjvUVmAvhwPFUJi3EKsUsGlmH8mwGdBW9A6UJfPnO5LZfWtKI3R-VHy0ek3XIYv6EyMRWRYeBNc0rLbCD8ZAGzMfw6wWa2Xa094rekJL2MPOlnsqT5rUML55dMIgMfXxHtWLF32gT3k2gLwHXLLFME4ScyIzT1YYZDUxRLtDQmMbxkJ-4VoaH4bS14pU-1fEUlysT7CWPzgRZUphSWpK7lccPqH3Dy0H9CpUsutku-kX8yZI5H6gbmJjAVcoZp67imbNwdT2Ktx7htj-cdP2iwxcwX8BjxSLx4oB0qgANzWgbHdiW-o2P-Q6VxBqjKJbggwZXAw72MWDJeT9-LifRLEoWKSbFkZFlmpoyJq0AiRQJFskzvzr9SwDs9KethJKZJAZGsnFLYko_VxPoTJp4vYtV4zzD_d4Hk3Rg4AOaW219Vb3xSGj3tF8kqmQIzOTricQ3J_UmWzOPOf3bLl5fgIHdPuGZKdo5hJKS7izT2r6MV40xZ8bM9XldJcQjoDCmxpl6xSIG_dY2tdqx3U8l7zVL0fT_kkESTTYE6vEem33LcqbEfektdtYJmJDX6Ew9ZitL-ckFz8Ye9siHzBjPtE3R4bTOCkBG0vl0JjdzNvskxrtu4ucVOstOY0sCKq0TTrSYjlRgg&xkcb=SoBp-_M3KCa5mFQJbJ0CbzkdCdPP&p=9&fvj=0&vjs=3
商業施設向けデータ加工【Python】【フルリモート】の求人の詳細,株式会社bluena,在宅OK in 東京都 渋谷区,https://jp.indeed.com/company/%E6%A0%AA%E5%BC%8F%E4%BC%9A%E7%A4%BEbluena/jobs/%E3%83%87%E3%83%BC%E3%82%BF%E5%8A%A0%E5%B7%A5-7e5b29b3f817532c?fccid=c9f67d9b0d24a5ec&vjs=3
3DCGデザイナー/キャラクターモデリングの求人の詳細,株式会社エイチーム,None,https://jp.indeed.com/rc/clk?jk=b99b2dd5368bf4d5&fccid=5c46c58b1917b786&vjs=3
【Python】位置情報サービスを用いた新規開発業務の求人の詳細,Rotoworks株式会社,東京都 港区 虎ノ門,https://jp.indeed.com/company/RotoWorks%E6%A0%AA%E5%BC%8F%E4%BC%9A%E7%A4%BE/jobs/%E9%96%8B%E7%99%BA-d8c58db644af2233?fccid=97b45e4bfdbcf6d7&vjs=3
データアナリスト/の求人の詳細,株式会社エモーションテック,ハイブリッド勤務 in 東京都 港区 西新橋,https://jp.indeed.com/pagead/clk?mo=r&ad=-6NYlbfkN0AEDj32_2WKZGF7eZ6PKAMgRkbXjZfGGRai3Usprx1rk747O7NH66JyyV6MFDu56geuBJq5klCHSZ4f-aRtsOXwkg6jyDJ9MkijSTrfM8_DOu5pGcDBQsWQfcw5CbW4DUgnvaN5cQQK-KrnyqSLkgXY5gADf2dYrFiSECS5SBviuA053fRbG6rZwWvM33WxV0O3cucA3WOxxGyUbf0jMXbrn7sPVXu-jrtIdpPhZlK9Dgs8c0T1Md3bKEFyhXQYUKWL39kb1eXG3UlL-A2jLnyxm2P8SDDejP3_eeyBqFynGNz2IhlIRX18Qbva2GQlvPmzEBXGk5-wZslTDdbdc841_71txBVAvzRjDI1vfKJhqVdfdQ9C_bUPtyselOdG7cJdSMF85OgOqb_VGV6YVqS1CqwVonhx2eRXzkHHxNqi9ApdHPtTeNqS0JPaRD6BtaOezHdjZJbiMJKGH3efma_mtJYflpL_BgAioHUYZpxBryu_hC0XboHLtIYFQaYfChSYrjCWDBGdzhPFs6nE1XdZr4jSjrCdQ0F3KbwibNiVYGuVzF4C_CfTzHRVLRw7l12IyMkjHqxvOFfGSnyg9DsVYWWynoevnzsUSndFqVa-gRf1TYWGzasE6QKCk5N_WgrdXIYhhw01X6XuoEg6Tl470dqTsB5e-AzKdev-3YzujwoIMa7GV2b0nWKJKeBlOW05wbm3N79TJFGfRyMj7QrG5y2wjkwvgxk=&xkcb=SoB6-_M3KCa5mFQJbJ0GbzkdCdPP&p=13&fvj=0&vjs=3
️自社プロダクトのSaaS連携(Python)《フルリモート》の求人の詳細,株式会社bluena,在宅OK in 東京都 渋谷区,https://jp.indeed.com/rc/clk?cmp=%E6%A0%AA%E5%BC%8F%E4%BC%9A%E7%A4%BEbluena&ti=%EF%B8%8F%E8%87%AA%E7%A4%BE%E3%83%97%E3%83%AD%E3%83%80%E3%82%AF%E3%83%88%E3%81%AEsaas%E9%80%A3%E6%90%BA%28python%29%E3%80%8A%E3%83%95%E3%83%AB%E3%83%AA%E3%83%A2%E3%83%BC%E3%83%88%E3%80%8B&jk=35f05b7b8e06f730&fccid=c9f67d9b0d24a5ec&vjs=3
SQLエンジニア,Python/バッチシステムの追加開発業務の求人の詳細,株式会社Arkanoids,東京都 千代田区 麹町,https://jp.indeed.com/rc/clk?jk=10e4160e772c82a8&fccid=a3d18795913cab07&vjs=3
【Python】ヘルスケアサービスのデータ解析業務|虎ノ門の求人の詳細,株式会社ビズリンク,ハイブリッド勤務 in 東京都 港区 虎ノ門駅,https://jp.indeed.com/rc/clk?jk=4ef0b65da093d196&fccid=b0694a5dc3a48bd7&vjs=3
3DCGデザイナー/背景の求人の詳細,株式会社エイチーム,None,https://jp.indeed.com/rc/clk?jk=0225868292141fda&fccid=5c46c58b1917b786&vjs=3
(東京・大阪・福岡・名古屋)Pythonエンジニア/の求人の詳細,株式会社BTM,None,https://jp.indeed.com/pagead/clk?mo=r&ad=-6NYlbfkN0AEDj32_2WKZGF7eZ6PKAMgRkbXjZfGGRai3Usprx1rk747O7NH66Jyx64brPF1GQ-orYCUkoaC1vCVDOxKmqHaW7MiaRxzHQGpNedhh8pDxn8SYXy9P5olZsEa6pDsgw0JcHhMMSimz_jviRcPSaQGNT7t4HOi8zLKuIJ3Cscjf1bXhpcFyt1mRIyIlmDzHbAtad-2yikDSZkO8LxxO2q-KBp91YZZaHPMlIeUKMynQzr4AJrNbAMOd7GF0BFl10yJDveQG6CLsuiKFDPiZtQGVdvShHioIIvSkV7ndfNCLWtZuMTFnlbcUXw9Hd2UQl1oPin6VKwtx3lghK2lGjNiIe7YxRPv0lECEM7AK-HeuUL7dEpMqkItX-AHQxIc2c6KC2mEmDX4mzudCJ6xxWwHSymqXB4SIkW3jt3VNeIuCIJdxclOIn-fQqUUkjPhQTZGge5IVDd53bOSdrUuDkNob8XdL8x-IsIYfUevFQgfoFUYxf7f5HrMusFHIOb0wDEOXX1azBWrAo9_8wFr14uFWaiYbxceb6fsJpFMGn_wZbkra4BldrLWYPNiAr2gfLmnxDU_D9C-Bz8lt4DW7DARl1i4fYG8DAYJTD8YEt3K4s68nkafnAldOYQhq40FEcyLojJ-TBTjFcFMbjHXmeh6NUYrnQFZ3NxqXBNRmpUsOdmrLW5cPOrQZVXQTTJenkAf-nkXeSEXSrY-N8nwwrw3JaSClgmt_TQ=&xkcb=SoB1-_M3KCa5s5wJXZ0IbzkdCdPP&p=3&fvj=0&vjs=3
Pythonエンジニアの求人の詳細,株式会社スーパーソフトウエア,ハイブリッド勤務 in 東京都 渋谷区 恵比寿南,https://jp.indeed.com/rc/clk?jk=a62911f59b9b3d6a&fccid=4b382d455ee054e9&vjs=3
【Python】サーバサイドエンジニアの求人の詳細,オウレットラボ合同会社,東京都 港区 西新橋,https://jp.indeed.com/company/%E3%82%AA%E3%82%A6%E3%83%AC%E3%83%83%E3%83%88%E3%83%A9%E3%83%9C%E5%90%88%E5%90%8C%E4%BC%9A%E7%A4%BE/jobs/%E3%82%B5%E3%83%BC%E3%83%90%E3%83%BC%E3%82%B5%E3%82%A4%E3%83%89%E3%82%A8%E3%83%B3%E3%82%B8%E3%83%8B%E3%82%A2-f5886b886cf68f8c?fccid=cd48758e5952fb89&vjs=3
【在宅】Pythonエンジニア EDIサービス開発運用の求人の詳細,イチアール株式会社,在宅OK in 東京都 渋谷区,https://jp.indeed.com/pagead/clk?mo=r&ad=-6NYlbfkN0Bsc7vIvQrqLqHWf2CvnGd9Cnn_g0Jz_ZsZOSdDPKuzJVLPFM2vWcy_isuWjgXaFr7K0B_xqTRaSpDWYYGGzXXk8vYccfBPCXTkdUQYF1TZKl2dKQubPbRw_Ah09ZHIWbxy0w468EHj9qIu3gMXnvog3WJ9ArhV7u4rrRAx0MwB9sKeKwZz06M089aqJI0q7wUQNdy0QqmyPgEh2FRMVLyx--9slUcnefKEKpgVgpKtTmAGq7GR_JtBuahO96lhj2Fsx4o3Llti7qur_RZO0XLegs2G-5xifxnG3_GKEZCznPyBL0FWfMXKLra0aobKZUCq9YlIctdEuzEJwXL8S9Do-rZwtJ0IVhw49-WVXAZ48AOF7I5kuXSy6PruDqfhDMGEYVX2zxHzOmjQeD3Tl8VBCHAMtb8HlkIXlUweWyqTfs7N5eKZOsTws3PHJbv-452RcNrHRPnTYLm56TDEziBvWJrh3LlBz0fJ3onxzF8p1wLguuYL9VrnFNTUY0MOzWEinIwnA0tmY5ieMlPcv2ON_HVuFCqNpgrBxNbDi5gXcSjdKBvk0j38u9wtZHcFFk6ledz9L4M-V59bv1wWZ6F6ljjV9nQWt8umfLkYqt8IZqXA1DCb0405RlV4N5aWiZRm-20NgkFBEBvMOMP63qbgpvhLRzf6udNMIfounC_vIQxO33Doam9GkKQ4oiXIwdQknEwtVKZNdhxBpnidNBW5GgGHeqztPvpRP9MV4sVHzd6VMBM6ngWHKlTBu71MY-dU8xtjiRWVKvDBHWIIsWz6KDt_wFCE6D9KaVjCDUPCgIz3-4JwtQf-QhtezqR7kkZiPgBevp0Fk26ziMawohGHNpv9jEFUNye0sGZzQQwY4giWcKbkHEH6DEIF-ZTP0nz4IBW3e15XLsuEJU5QAYobqWOA4uvqXkpq4-y6jbIzVGTpJwcY7jzZUoU5weW5_d6yFXrq4zHP4x-XzSFxeAa0-I39wWNnWqZcv2BEs8KS3XOmxiEkr1JHVWpVE8EQ3X5L28GJ9rcKLvsNNq3_e-aWp6d4F4WzHInIqQeU2BFIvMcI_qTQb8W6fU6maoJ167F6ROlRvCDLjxR_gpGrARs9eYmeL8pXt1LK0Y6eRwGTQw==&xkcb=SoDS-_M3KCa5s5wJXZ0NbzkdCdPP&p=6&fvj=1&vjs=3
Pythonエンジニア 時系列データの異常検知の求人の詳細,イチアール株式会社,東京都 渋谷区,https://jp.indeed.com/company/%E3%82%A4%E3%83%81%E3%82%A2%E3%83%BC%E3%83%AB%E6%A0%AA%E5%BC%8F%E4%BC%9A%E7%A4%BE/jobs/%E3%83%87%E3%83%BC%E3%82%BF%E3%82%A8%E3%83%B3%E3%82%B8%E3%83%8B%E3%82%A2-cfe1698fc93ca201?fccid=09ae2ee7800d6870&vjs=3
[派]【時3000円~在宅有】パッケージソフト開発*Pythonの求人の詳細,テクノエージェント株式会社,在宅OK in 大阪府 大阪市 北区,https://jp.indeed.com/pagead/clk?mo=r&ad=-6NYlbfkN0AazyjkkglIXPVH_lV3qj3gL1eBliOA52oxvdq-eMiHAujJayC7T0ycF5k7GjTO-ff2vmo4Oeqq4-TOMLOUTHw0lzdXpLjv_xVDuVZ_paGpU4fqGG8cuRtSEnY6nJD5zgjxoYAAKIOpokg5ncGu_fO6boczyj07wUUYpFUB4aWaNb8V7Cue8dJwDQwoZ7fSDdKbxrVKnrUqdJtauWjZGLepeY3fTZHyOg1v0I9yJZqhP-dnmucYHRI41vqbzRHwWz0Ds8Pcw0eLDa7eefCJbdgCtcpmSkXWsj4R2flyDNLfGx7OyWxTqdQthHLpfCEXzcSxwndvTkn40ZPayzC3E3WeHOdZka5kFq-CDUIPslT1-jd1xopZ7XFLxYIS1944UtF6W_s0Q1ZFZDQM72OZsIJh6wLdtOiXhH0iUhcLClbdcIJxkpgjSb06c_FHQ4fahep8q3Bn8Htsg2W3hISob9X4-W2JRDak01kqRZAGh_tYe4qRB6BNIzXRnBUauHA2dXtZ87w2edwiOF0Qs0jcxtz9L4g386wDGZxCr1uygOVnTmGkwDC9UdKuQLlOmbnRb2k4AScEeWncWm9NdOeNzxaX1GQFQRe9zf8SwXLxSKRQtVwrk0ac-PAj&xkcb=SoCP-_M3KCa5s5wJXZ0DbzkdCdPP&p=8&fvj=0&vjs=3
「AWS/Pythonエンジニア」「フルリモート」の求人の詳細,株式会社bluena,在宅OK in 東京都 新宿区,https://jp.indeed.com/company/%E6%A0%AA%E5%BC%8F%E4%BC%9A%E7%A4%BEbluena/jobs/Aws%E3%82%A8%E3%83%B3%E3%82%B8%E3%83%8B%E3%82%A2-e57c8d59465980be?fccid=c9f67d9b0d24a5ec&vjs=3
Python/広告配信企業内でのデータマイニングの求人の詳細,ギークス株式会社,東京都 渋谷区 渋谷駅,https://jp.indeed.com/pagead/clk?mo=r&ad=-6NYlbfkN0AEZeQ5BDHuTqhiTI2118DcpXXxVE54bpFUdQLTLs7Ju6skzmOmnDwKYSyD-iwdsosbu-ZZw7rBnCYBbFcwKWK_RITBGX6On0TYn4D036yByn_1FRU4_bZAVRM8Y4tyMGb9bEcAFvTfYGCkHGFd2aPODPVxCaARU1NSmx7dmgtq4HOh4zmbpMkZpYShwAE_9uVfwVTbFVxIORGprd1ADW_XEZEjKIm4dKJLl2CUijgxLEnymP3TuGdqr8WJs5jzGe8fjx31EmVEuQU4OVoKtzxz4EbyeVJ1FC808FvGtHafoMnHUHOuVJY5dKBzFSjXSqtFjrgCNWgMKO7Fp7cG9x-InLzaUmASqhs3bp6aEF4oWpcOgkChzs73IiPlo_-0K_2APr_RTiPU9mPSi4yWO_jlPsvuFiRojLIws-g9dvm7LS-oL7VVKYwxnhSXeyNX4Xr27FdfVQaQIfTVfsRJ57bJwmfRFLyOx70Zw2fTuHthrbh1zON0YcJs6ZZe4SAyGfRjO8T2UOZGEwjILFOH8kFQWYI5qvlca55o1whNYLSEjiY9I-Cz5GkYvZsflhi_LBgtD4f_F5bV8BxYBdSQ-MXSbJLbXo1rsHdEPsK5kHIWpA==&xkcb=SoCm-_M3KCa5s5wJXZ0BbzkdCdPP&p=10&fvj=1&vjs=3
【Python】フラッシュセールサイトのデータエンジニアの求人の詳細,(株)Next Fortune,千葉県 市川市,https://jp.indeed.com/company/(%E6%A0%AA)Next-Fortune/jobs/%E3%83%87%E3%83%BC%E3%82%BF%E3%82%A8%E3%83%B3%E3%82%B8%E3%83%8B%E3%82%A2-37e3a7f4f8f0018a?fccid=1f5b45ad8077eab8&vjs=3
【Python】データ分析基盤の開発・運用/開発エンジニアの求人の詳細,パーソルクロステクノロジー株式会社,福岡県 福岡市 中央区 天神駅,https://jp.indeed.com/pagead/clk?mo=r&ad=-6NYlbfkN0DiB0UW_1NZIJ9skl3XvTMASDSGCbiIE45lKiSzIAB83J5zNxg2Lx1khv57e3N_88C99lCFbl1ydfofn9FGlQ4U2UO7To3tIFlTxjwUCWVV1qTrfpg9aCjt1jvyNyTYZwvu0wr-BIDWC3u8XscEb0pifAlS6tIJhfMPAIBNHGRc_c0vgaD2MYGmEPzh7F43ytPFxghob7lSgiA6fn3EMhp0nPoqHkIYjnMAy1Ub8d-CRfPtEXd7NOuYdVjnbkqWwMP6DMIG1xeZdFqM9SI4WwfRxWo-VDUVbw8Qv5YMtT17R5sbf2_0plQKHqhKkH0MfgInwDnVBQ4_JxnvGyuD3zsFWZ2AARbEUnGD4QBruma6JwcAD5A7dggjIAnWeZLtFZXMiTadHZ1zW5JkbxrMBSLi_DX0JGnyBRIB2UW-m00srojdiwbwywIfYa6WV_QeXlZWKRkiXtmWy3cyltaVe_MukTysKxKLtHzGjBl1GJ5kvgW3bGHrii_5Z-cA4BcTFuAiYYgK78RaShorm0Jg1x8Dnv1wMmdJFGnAwXc-ErSLKACuLuibTYLo9yWmWLv5DD6eqEMMTu6uZLyK19KSKJlc0u1x-f2Msh30yBZF6yk2v7-zoRwvibdioj7FRY2pCNQV0ANXzG_8703h2KXQp1v8m2s8Lkaoion6L_ow1CA6G6xaiXfQEKExrua6luheFCIz1QH8HHS5H5dsfu9gyxunzw2FPpLFyYf4CXLyBsg66qB6J7xxW3kHzA-tcy7mRSeV5gF-bLz2gS5WcAQDbjjh&xkcb=SoCc-_M3KCa5s5wJXZ0HbzkdCdPP&p=12&fvj=0&vjs=3
Python(Django)エンジニア/医療系向けチャットボット開発業務の求人の詳細,株式会社Arkanoids,東京都 港区 虎ノ門,https://jp.indeed.com/rc/clk?jk=8c65770867e11f70&fccid=a3d18795913cab07&vjs=3
《Python》AIアプリケーション解析《フルリモート》の求人の詳細,株式会社bluena,在宅OK in 東京都 23区,https://jp.indeed.com/rc/clk?cmp=%E6%A0%AA%E5%BC%8F%E4%BC%9A%E7%A4%BEbluena&ti=%E3%80%8Apython%E3%80%8Bai%E3%82%A2%E3%83%97%E3%83%AA%E3%82%B1%E3%83%BC%E3%82%B7%E3%83%A7%E3%83%B3%E8%A7%A3%E6%9E%90%E3%80%8A%E3%83%95%E3%83%AB%E3%83%AA%E3%83%A2%E3%83%BC%E3%83%88%E3%80%8B&jk=cfdf6884fbca08f1&fccid=c9f67d9b0d24a5ec&vjs=3
Pythonエンジニアの求人の詳細,キャル株式会社,None,https://jp.indeed.com/rc/clk?jk=d8f3a5625bd49150&fccid=ef8057c289a087db&vjs=3
Python/新規採用プラットフォーム開発案件・求人の求人の詳細,株式会社flyhawk,東京都 渋谷区 渋谷駅,https://jp.indeed.com/rc/clk?jk=c0a9a1697ebbe514&fccid=de7a7b3b3139bf61&vjs=3
Pythonエンジニア 東京中心の求人の詳細,株式会社エーエルジェイ,東京都 新宿区 新宿,https://jp.indeed.com/rc/clk?jk=70f75eb8a057516c&fccid=4fce555a9c346d2a&vjs=3
【駅チカ フル在宅/3,000円~】ポータルサイトの試作開発の求人の詳細,パーソルエクセルHRパートナーズ株式会社,None,https://jp.indeed.com/pagead/clk?mo=r&ad=-6NYlbfkN0DiSVIy9fX4jmqxo-H-00vSJJZbhDOfslcA6ift4xS5DTwS_aR3M5xla4mnfid0GwSt2soal2s4OFv9w5pyvJHN2IPqJy8bmnWafpU_YFhJF_VIgEpFNyalaVwN56nU1PLDSoQ58C7aQGCFE34HROxkFXTeFnKmW2Qgw5Z22CzD2pn57fyJbfop55lfbgXXugQAzUFue4dT4KRkD0H2HEa_I46Dsj0eEglDsWe0hXZYzPSiXYbCtfgrX78HsCi3EttHEPg-iGLxQSwfo-gcGdITGDhAWIcMev_5A38qmvLdzz3W5YksrKCMseUex_4kQ3631wpRNv3jhlUn_voghjhmXwxFeuFS3u3aOwfMQPClGPBRX2zbe9poBL3L4ljphcJ1-_63m_iz6QLAReLWdNSTxLTzMrtnqTUIn89skmA6XhYDLjPpNUs0tKmiImnuEhpyFetu6OWELy37RR9rFFRU1nMGy_OoLSmv6tQs9XqekpsAOvm3LF_Wx7sSw1cbFSM=&xkcb=SoCC-_M3KCa5SbgQNj0IbzkdCdPP&p=3&fvj=0&vjs=3
フリーランスエンジニア・バックエンドエンジニアの求人の詳細,株式会社アスタ,東京都 江東区,https://jp.indeed.com/company/%E6%A0%AA%E5%BC%8F%E4%BC%9A%E7%A4%BE%E3%82%A2%E3%82%B9%E3%82%BF/jobs/%E3%82%A8%E3%83%B3%E3%82%B8%E3%83%8B%E3%82%A2-33b74c63ef8b0dfa?fccid=f07b77eb7995779a&vjs=3
フリーランスエンジニア | Python/Webアプリ開発の求人・案件の求人の詳細,株式会社コーボー,東京都 中央区,https://jp.indeed.com/company/%E6%A0%AA%E5%BC%8F%E4%BC%9A%E7%A4%BE%E3%82%B3%E3%83%BC%E3%83%9C%E3%83%BC/jobs/Web%E9%96%8B%E7%99%BA-54e04888fe0771b3?fccid=9c435bca63befb85&vjs=3
Pythonエンジニア ヘルスケアサービスにおけるデータ分析の求人の詳細,イチアール株式会社,東京都 渋谷区,https://jp.indeed.com/company/%E3%82%A4%E3%83%81%E3%82%A2%E3%83%BC%E3%83%AB%E6%A0%AA%E5%BC%8F%E4%BC%9A%E7%A4%BE/jobs/%E3%83%87%E3%83%BC%E3%82%BF%E5%88%86%E6%9E%90-77abe67fad52690b?fccid=09ae2ee7800d6870&vjs=3
《Python》ビッグデータ分析業務《フルリモート》の求人の詳細,株式会社bluena,在宅OK in 東京都 新宿区,https://jp.indeed.com/company/%E6%A0%AA%E5%BC%8F%E4%BC%9A%E7%A4%BEbluena/jobs/%E3%83%87%E3%83%BC%E3%82%BF%E5%88%86%E6%9E%90-f888509f2207946f?fccid=c9f67d9b0d24a5ec&vjs=3
オンラインゲームの開発・運用保守(Python)の求人の詳細,株式会社スキルコネクト,神奈川県 足柄上郡 大井町,https://jp.indeed.com/rc/clk?jk=e1984d3e5c0e6df0&fccid=d061d354a33697e3&vjs=3
Pythonエンジニア,機械学習/衛星データの機械学習による解析業務の求人の詳細,株式会社Arkanoids,在宅OK in 東京都 23区,https://jp.indeed.com/rc/clk?jk=55584c0eeb9a70ed&fccid=a3d18795913cab07&vjs=3
Pythonエンジニア,PHP/Pythonにおけるツール開発業務の求人の詳細,株式会社Arkanoids,東京都 千代田区 神田多町,https://jp.indeed.com/rc/clk?jk=3bbc3dace1fb1e39&fccid=a3d18795913cab07&vjs=3
Pythonエンジニア AIを活用したデータ分析支援の求人の詳細,イチアール株式会社,東京都 渋谷区,https://jp.indeed.com/company/%E3%82%A4%E3%83%81%E3%82%A2%E3%83%BC%E3%83%AB%E6%A0%AA%E5%BC%8F%E4%BC%9A%E7%A4%BE/jobs/%E3%83%87%E3%83%BC%E3%82%BF%E5%88%86%E6%9E%90-d10fa5358ad1dd9a?fccid=09ae2ee7800d6870&vjs=3
️業務システム開発(Python)《フルリモート》の求人の詳細,株式会社bluena,在宅OK in 東京都 渋谷区,https://jp.indeed.com/company/%E6%A0%AA%E5%BC%8F%E4%BC%9A%E7%A4%BEbluena/jobs/%E3%82%B7%E3%82%B9%E3%83%86%E3%83%A0%E9%96%8B%E7%99%BA-12fc09f72d0a94f6?fccid=c9f67d9b0d24a5ec&vjs=3
雑誌サブスクリプション化のバックエンド開発【Python】【リモートワーク】の求人の詳細,株式会社bluena,在宅OK in 東京都 23区,https://jp.indeed.com/company/%E6%A0%AA%E5%BC%8F%E4%BC%9A%E7%A4%BEbluena/jobs/%E9%96%8B%E7%99%BA-215b58da13cc6a15?fccid=c9f67d9b0d24a5ec&vjs=3
Pythonエンジニアの求人の詳細,サステナブル・ラボ株式会社,在宅OK in 東京都 千代田区 大手町,https://jp.indeed.com/rc/clk?jk=ab4e7420b2dad5b8&fccid=b35f758de9074e87&vjs=3
Pythonエンジニア,データ分析/WEBスクレイピング作業の求人の詳細,株式会社Arkanoids,在宅OK in 東京都 23区,https://jp.indeed.com/rc/clk?jk=85097ebae55511a2&fccid=a3d18795913cab07&vjs=3
システムエンジニアの求人の詳細,コミュニティー通信株式会社,大阪府 大阪市 西区,https://jp.indeed.com/rc/clk?jk=6bcbe51433d214d9&fccid=891e1c3e3ad0cb35&vjs=3
️大手企業の顔認証基盤開発(Python)《フルリモート》の求人の詳細,株式会社bluena,在宅OK in 東京都 渋谷区,https://jp.indeed.com/company/%E6%A0%AA%E5%BC%8F%E4%BC%9A%E7%A4%BEbluena/jobs/%E5%A4%A7%E6%89%8B%E3%83%A1%E3%83%BC%E3%82%AB%E3%83%BC-%E9%96%8B%E7%99%BA-d2ed39ad3d81304b?fccid=c9f67d9b0d24a5ec&vjs=3
【Python/リモート】Python/Javaエンジニア募集の求人の詳細,アン・コンサルティング株式会社,東京都,https://jp.indeed.com/pagead/clk?mo=r&ad=-6NYlbfkN0B43xXgq2KP4MblIafrzh5VOCqNBBdYpQq0MST61P3UyYxHDYR9SReuSU1ON-yK791pLqvz5MhITo4alA5Vow5lVL7SF9Pgqs4yYfqV8a7D9rmVZmmWoKCo26j6ARQ9F7dH1zoSMQo22RR6olC0du450WU1-lraZleUv4zVXvJODnzK44A6wEBTx05NPeD5UIgUrLj3yCAPwLC8T3Ed3d8jxyyea7Fn2jq4Xmx2WieKS8wb-Vii1bLJsl3rt1BGXFUJoqeBq1rQBtepvPfCbs0E0ks1vVwBgaUFKtZJCRrX14zQZq1Be6V7fJ0U97rpGe83gUCRedIUuZA4gzyYSg9WLrgZx1hNuBT48zRFy2ec89lHH27UJAMgebmqCZeht2CCJTwPoelLD74CJ69vM22Erb6jHLEWfk48ILQvu8fwTQFtovZB7AY87FUAVhOVTPKY0vi_g6snzRHHDDZqGtqy39TZeYdL_2tZb7YCA-kexMWkOC9bh0RJisENBNfpJJHB0MkcFcxO1o6cqU5oR4ZM0kFfIapeQqjrRqCWGOO8y0MIuZLujROBkFVkTjFRGV_WktpqCqNnYmdwirsxXo5amsxjbNcX77cjyTTgu3uLAfhT_Ot6z8cbLm3b4IvXzAnT11SHifMWH4hNZT8iMbnGnQ5K7BRtFBm5WaJDBtVTaY7RnL8PQin-RKU3XVEQvQs=&xkcb=SoDo-_M3KCa5bhwJXZ0IbzkdCdPP&p=3&fvj=0&vjs=3
Python/フルリモート/AISaasサービスのデータエンジニア フリーランスエンジニアの求人の詳細,identity Inc.,在宅OK in 東京都 23区,https://jp.indeed.com/company/identity-Inc./jobs/%E3%83%87%E3%83%BC%E3%82%BF%E3%82%A8%E3%83%B3%E3%82%B8%E3%83%8B%E3%82%A2-3112e01e76e0981f?fccid=253091c4a8733eae&vjs=3
Pythonエンジニア(未経験者求人)の求人の詳細,株式会社Quon-JAPAN,福岡県 福岡市,https://jp.indeed.com/rc/clk?jk=82d3badda3b5d3a7&fccid=c446a12d820a2a39&vjs=3
フリーランスエンジニア・Pythonエンジニアの求人の詳細,株式会社アスタ,在宅OK in 東京都 千代田区,https://jp.indeed.com/company/%E6%A0%AA%E5%BC%8F%E4%BC%9A%E7%A4%BE%E3%82%A2%E3%82%B9%E3%82%BF/jobs/%E3%82%A8%E3%83%B3%E3%82%B8%E3%83%8B%E3%82%A2-868651f29622e562?fccid=f07b77eb7995779a&vjs=3
[紹]*Python*バックエンドエンジニアの求人の詳細,株式会社スタッフサービス ITソリューションブロック,東京都 港区,https://jp.indeed.com/pagead/clk?mo=r&ad=-6NYlbfkN0AazyjkkglIXPVH_lV3qj3gL1eBliOA52oxvdq-eMiHAujJayC7T0ycTOc77zmeScQYzx2hOT_qs2HNnQ5SydnHKXaA39j2I39knfKl8Xjzmuh4nqbgAV6kTtRpUsmkwNbGOhSbUqxBIdpGJ2yOYkr0CfSaegkyznIbdGu4zdp9npfhVjzN7O-_ol0c3ctg20eQzU6c0hjj-rPq7xG9409HFliOr6H-OTxp7Xqs_GboEqRf78qS3TAHQYb5SX-JjmnEtyVOzkTW7ElRFtaYyWfuFzRukDw5hiyrBfONKRHNfqnx6sqZe4Kj788gmR83WYOO-oNWh9Y5umbSVC2Zg1N675h71Vbv6nms05Za5EDGWDmKgUkZr5bcDQly49n_TWmItC13RceeRnGz9pb8XOOQlYnHOFXQ4YmZ4xz9j4qYl_l2OuykQbizJdSZK0dAzqnwkbWoz_Z1y_O3Sxmh17Vvz08FASKmBzb6vElxUnGV0AF2ocuXqhSVX1m-xAuEmcvg-yTj0Hma8n9duaJ1ZNMAtIi2ex7FBUZX6LrcRyGoHIp-MAEBZZT959XA50eKSaEbKgrii0vMKspesmhgQmM_DZOgDTeq2jBbWlqe9MgJTXPLg2kMt3SE&xkcb=SoD7-_M3KCa5bhwJXZ0MbzkdCdPP&p=7&fvj=0&vjs=3
[派]【基本在宅】データ変換ツール作成<Python>の求人の詳細,株式会社スタッフサービス ITソリューションブロック,在宅OK in 東京都 新宿区,https://jp.indeed.com/pagead/clk?mo=r&ad=-6NYlbfkN0AazyjkkglIXPVH_lV3qj3gL1eBliOA52oxvdq-eMiHAujJayC7T0ycTOc77zmeScSyBccJuUm2OfFVOTQjSZb3eI64w39n_-YLwwC06ipdd4YILw5PbRChXv38oFux1Wq_z9Drhj5kiD1U_yh-sHjG7Dg7dldpbpAIt3GSN9EKYhxOSs_UCWgnxnlKUVf4wIUcJJ7lZNBgfNf2H9hVrq-kfn2obpSpgr5GvBI1CR7dsPbCfAAM4pJK-ngrSi880JV4IBd_G8RcaBbrWqB9jLEihyKFEhowvaafXLulgij_-sub-nWfuWno52wHxz4W2-WuJQmxBnUcT9SJecjV3dE4AsLVrfTzeS4NvhNm9LKds-W-4LPvkWi6MwMoJB17f-Dps_49kuKGvSl3jQ1MTZcRykFhIINW5TIKvw24EVILpulmrADUHKA-HaYhVbbtJ9mm_UxVytCKh_5nosZquU4FwxCrSV8XE1fdn0pT3mRlbZqzv4UQ_1CIllur4dVi1Jd8wy4enD2Z_-dvhy16aDcP967ir7VFtKnkGs55xvF73Tx0XBOEi0IqDGGbn_Gw2LZOQ7XHmIJySOS7aHELCqkkUuQUPYyaTddYbdZusAnOqyYSigm-J5kd&xkcb=SoAS-_M3KCa5bhwJXZ0DbzkdCdPP&p=8&fvj=0&vjs=3
【Python/AWS】HR領域事業のPython/AWSエンジニアの求人の詳細,(株)Next Fortune,千葉県 市川市,https://jp.indeed.com/company/(%E6%A0%AA)Next-Fortune/jobs/Aws%E3%82%A8%E3%83%B3%E3%82%B8%E3%83%8B%E3%82%A2-603e2361f4990738?fccid=1f5b45ad8077eab8&vjs=3
【AI Lab】データサイエンティスト(HCI,CV)の求人の詳細,サイバーエージェントグループ,大阪府 豊中市 待兼山町,https://jp.indeed.com/rc/clk?jk=74ba773468e06b0e&fccid=c484865ba877b40a&vjs=3
Python/広告配信企業内でのデータマイニングの求人の詳細,株式会社flyhawk,東京都 渋谷区 渋谷駅,https://jp.indeed.com/rc/clk?jk=37c120e5de87c37f&fccid=de7a7b3b3139bf61&vjs=3
データサイエンティスト バックエンドエンジニアの求人の詳細,株式会社コーボー,None,https://jp.indeed.com/rc/clk?jk=9625085b9a7d31f1&fccid=6fd7bffcf212535b&vjs=3
3Dキャラクターアーティストの求人の詳細,株式会社コロプラ,東京都 港区 赤坂,https://jp.indeed.com/rc/clk?jk=0c82d648b97abb4f&fccid=215c2f34134940bd&vjs=3
Python/シフト作成サービスの開発の求人の詳細,株式会社flyhawk,東京都 渋谷区 渋谷駅,https://jp.indeed.com/rc/clk?jk=4b7e9a9975098fa8&fccid=de7a7b3b3139bf61&vjs=3
【リモート】Pythonエンジニア AIソリューションの開発の求人の詳細,イチアール株式会社,東京都 渋谷区,https://jp.indeed.com/company/%E3%82%A4%E3%83%81%E3%82%A2%E3%83%BC%E3%83%AB%E6%A0%AA%E5%BC%8F%E4%BC%9A%E7%A4%BE/jobs/Ai%E3%82%A8%E3%83%B3%E3%82%B8%E3%83%8B%E3%82%A2-831586e56408b6c3?fccid=09ae2ee7800d6870&vjs=3
フリーランスエンジニア | Python / Ruby/ボイスチャットアプリ開発の求人・案件の求人の詳細,株式会社コーボー,東京都 港区,https://jp.indeed.com/company/%E6%A0%AA%E5%BC%8F%E4%BC%9A%E7%A4%BE%E3%82%B3%E3%83%BC%E3%83%9C%E3%83%BC/jobs/%E9%96%8B%E7%99%BA-39b9148abdc8f03f?fccid=9c435bca63befb85&vjs=3
Python/ゲーム攻略サイトの開発・CMSの作成の求人の詳細,株式会社flyhawk,東京都 豊島区 池袋駅,https://jp.indeed.com/rc/clk?jk=4d0dcc04298f0744&fccid=de7a7b3b3139bf61&vjs=3
3DCGスーパーバイザー(STAR STUDIOS ライブ事業)の求人の詳細,株式会社コロプラ,東京都 港区 赤坂,https://jp.indeed.com/rc/clk?jk=fcdb22e48c11e836&fccid=215c2f34134940bd&vjs=3
フリーランスエンジニア | Python/大手企業向けサーバーレスWebアプリ開発の求人・案件の求人の詳細,株式会社コーボー,東京都 千代田区,https://jp.indeed.com/company/%E6%A0%AA%E5%BC%8F%E4%BC%9A%E7%A4%BE%E3%82%B3%E3%83%BC%E3%83%9C%E3%83%BC/jobs/Web%E9%96%8B%E7%99%BA-56b8b93f28029b50?fccid=9c435bca63befb85&vjs=3
Python(django)、Javaエンジニア_177の求人の詳細,株式会社Asu career,東京都 千代田区 秋葉原駅,https://jp.indeed.com/pagead/clk?mo=r&ad=-6NYlbfkN0C-v_v8Df6QE7Dx6mEuF4Zmf1q6F1ud0gi-5YyBuUj1205Z0OmdtMRgy8lyshkgfQY_mGy7LpmzDCBDHv2nPK6ritUxWPzcdq3GFtBAMKh6tJs1RnnYzD-1qvhvlqqX7_up8yzLPVlHi_4mAGTDCJlkvTdD99FYxtiBTI2oGnmmDYTboBFi5L2WJEebbKX3dabKAwJQ2SXV-q9RaWawad6IocYW5Jjf6MxRNb8WFwDwvtVZdTidaN05yvuV_CterMhKl1cg9ad1JFg5jngukYTpW-YSje5jDnlTc_Wf_w4siPEdHaVc01YRaEoEb8W2--TVfeOSr3N2XiKAxH2ynKqUfP_3oBmVnJ64-tSwX56FhwF4hqXmDG85Z6KIJwVs0Wjg-6hOkQ7BUWh27tpQnTE4bcFs73FF65RBV8B3FHKeh9PPjNlOx6x8LyG3PJSeTHvLQZ5dfPKo0ebE5lZKiDPMO6-x6CiVmzsdwYkyJdXjNP026RSdA-cYX79CGhyPf0Y2gj5VDm88p5Wwm8yvRALTgR4Sdx9uCwcXQ2I04DwHetFEYABa79jh27qbAEr4e64bH7FvcrAH33IjxUpkQ-oybhlWSf8qictKfN9QRNn16g==&xkcb=SoA5-_M3KCa5AizkxB0ObzkdCdPP&p=5&fvj=1&vjs=3
Pythonプログラミング講師アシスタントの求人の詳細,株式会社ウィア・エデュケーション,東京都 文京区 茗荷谷駅,https://jp.indeed.com/rc/clk?cmp=%E6%A0%AA%E5%BC%8F%E4%BC%9A%E7%A4%BE%E3%82%A6%E3%82%A3%E3%82%A2%E3%83%BB%E3%82%A8%E3%83%87%E3%83%A5%E3%82%B1%E3%83%BC%E3%82%B7%E3%83%A7%E3%83%B3&ti=&jk=d8f37c663213856a&fccid=46b6808dcd14430a&vjs=3
【Ruby/Python/SQL】プライベートDMP開発の求人の詳細,株式会社flyhawk,東京都 渋谷区 恵比寿駅,https://jp.indeed.com/rc/clk?jk=a38be3242a23ae18&fccid=de7a7b3b3139bf61&vjs=3
プログラマの求人の詳細,株式会社ウイングノア,大阪府 大阪市 北区,https://jp.indeed.com/rc/clk?jk=2eefc5bfe80d65e7&fccid=f40e8e8a051d22af&vjs=3
小売案件開発エンジニアの求人の詳細,株式会社フェズ,None,https://jp.indeed.com/rc/clk?jk=80a0544b08f678a1&fccid=9687ef3b2c57c697&vjs=3
[派]時給2600円<python>在宅も可気象システム開発の求人の詳細,株式会社スタッフサービス ITソリューションブロック,在宅OK in 東京都 港区,https://jp.indeed.com/pagead/clk?mo=r&ad=-6NYlbfkN0AazyjkkglIXPVH_lV3qj3gL1eBliOA52oxvdq-eMiHAujJayC7T0ycTOc77zmeScQL4Aqrk7lW95RRCn9EORNivffpL7-WvD1EZbXe9JtvTpskFeU_G3gj38QoVbkyOaJNtG-wA8vpaJAu3KUoulQbnLptkeVvD5OsGL28GFPzvfxF9bHr64Tz8qekPEOVADQRx9yWB691q7Z_Z3B50GYO0I6hswT_EZOmL75VdEjr7e0CZjG8xZa-oZByEY0N4bvJQzhm2bAp14N_N9lpcY51MjTMjjFln2p8v0_6kYN8syUWcfFZjUgbEvBKDxVdDzJXhOYlPh3S4IvTFUx4nEkiUKK2qrip9U8WOdy8-e1P64QhWqZ6Z-NJkLcDh6Klcpf5c0l2FFrU2nsL_yJGZhyQgubc-4eHhVE9oNfIHytJ-nKaV5bu5SvW7uqe_fIL0dFcWvI3SSJXmhlwLVu-XDbmiExwDuKkeWnaptM-AOAgFumXDAL2Y0RqhA_3pNdsoQdtMEHFCutjYwcjhvpZgNI3xn9Wk9JUDRpv7Zl0f0QE5OGgHnM5rcGcH37g-qPBOOOSftokVnqcuWQPs9cXPttDNUdK__ktgAy2jP9R6I65E6vkvlaNYw3j&xkcb=SoDQ-_M3KCa5AizkxB0BbzkdCdPP&p=10&fvj=0&vjs=3
【Python/AWS】チャットボット開発【フルリモート】の求人の詳細,株式会社bluena,在宅OK in 東京都 23区,https://jp.indeed.com/company/%E6%A0%AA%E5%BC%8F%E4%BC%9A%E7%A4%BEbluena/jobs/%E9%96%8B%E7%99%BA-7b25a38be18b9fb7?fccid=c9f67d9b0d24a5ec&vjs=3
【Python】デイサービス運営している企業での社内DXデータサイエンティストの求人の詳細,(株)Next Fortune,千葉県 市川市,https://jp.indeed.com/company/(%E6%A0%AA)Next-Fortune/jobs/%E3%83%87%E3%83%BC%E3%82%BF%E3%82%B5%E3%82%A4%E3%82%A8%E3%83%B3%E3%83%86%E3%82%A3%E3%82%B9%E3%83%88-a6a7ea9c0249c357?fccid=1f5b45ad8077eab8&vjs=3
【正社員】Pythonエンジニア・プログラマ/完全フルリモート・在宅勤務/家賃控除の求人の詳細,株式会社UNBORDER,在宅OK in 東京都 渋谷区,https://jp.indeed.com/company/%E6%A0%AA%E5%BC%8F%E4%BC%9A%E7%A4%BEUNBORDER/jobs/%E3%83%97%E3%83%AD%E3%82%B0%E3%83%A9%E3%83%9E%E3%83%BC-574add2105beaebe?fccid=47ba2c6d41e1623b&vjs=3
【Python】自動行動解析システムの開発/開発エンジニアの求人の詳細,パーソルクロステクノロジー株式会社,神奈川県 川崎市 川崎区 小島新田駅,https://jp.indeed.com/pagead/clk?mo=r&ad=-6NYlbfkN0DiB0UW_1NZIJ9skl3XvTMASDSGCbiIE45lKiSzIAB83J5zNxg2Lx1khv57e3N_88BYBH2jTYpvGDG21N1OKKaHmfdLLxKMYgr3YMv-NEp76XyWggadPXhSgbEoMrpZ_3Rfxh8kyW70qJASEoSr5pQlXBBjpynIh8cxwJh3pdp5_s1Mc6824j-etpLH2XnBXBcxuef1lW6ZfBmJ3MJdCC0dJrFSrrYT2M9PEwQ3gqrY2fFPkr00wx8B5UtvA65_m0Y1AdjOblZ4dN5eja3LgOIzo2waHUx2kXUO_45-vQGUAncGq0NtGjOMfsqd8kmSFbH_pYePYu3MXQ7iLUgQ7T2v9aQPfxbH5NhvhyKbe7P8rTvxBF43E0uj-ARvFjeQG1azjMA0DXtEe31phixA1dzJkul8fNWTZqWEqD1t_Df8VMNAUbKhfNWXjlbrYq8dVUZUaTOY6DYDE0NC6BDtDUAIBJFoiFdxGuNwpEDoskmhi26r8xwCacwxx_7wuiAODjg-cn5TvONtU1ada9xIzifbEI-0tAaNzLyUWuZHqNT9NyE55xXi4zo00Yd3XWCFBEfCt9qxq6Cv_azv1ky00a8Z69n5pYB4Q5KHmDglILGrgYmrKsWD95vontAUxoDkxOTXT-7frPdWfB00idJMpCLi7QuwKK654-lzt9_pBOtfcXTgtnxtfupkNnetharWIX9_zJ8iGkp1dwJLhIBhIWTOi2ZekhLCcijTodp-Yy8pJrjezKWfumoLCb0uk_dLwCNnqRdY2mOFFyYT0bHT3yPm&xkcb=SoDD-_M3KCa5AizkxB0FbzkdCdPP&p=14&fvj=0&vjs=3
【業務委託】機械学習エンジニア(データサイエンティスト)の求人の詳細,株式会社Hakky,東京都 新宿区,https://jp.indeed.com/company/(%E6%A0%AA)Hakky/jobs/%E6%A9%9F%E6%A2%B0%E5%AD%A6%E7%BF%92%E3%82%A8%E3%83%B3%E3%82%B8%E3%83%8B%E3%82%A2-ffe8c78c8df1349b?fccid=37333f1c3bd3ec98&vjs=3
3DCGキャラクターモデラーの求人の詳細,株式会社クリーチャーズ,東京都 千代田区 九段南,https://jp.indeed.com/rc/clk?jk=b5210764fdba9b55&fccid=515dd3073419e1a1&vjs=3
【Python / Java】不正調査ツール開発のデータエンジニアの求人の詳細,(株)Next Fortune,千葉県 市川市,https://jp.indeed.com/company/(%E6%A0%AA)Next-Fortune/jobs/%E3%83%84%E3%83%BC%E3%83%AB%E9%96%8B%E7%99%BA%E3%82%A8%E3%83%B3%E3%82%B8%E3%83%8B%E3%82%A2-349c59ef8708a4fc?fccid=1f5b45ad8077eab8&vjs=3
【フル在宅 駅チカ 3,000円~】ポータルサイトの試作開発の求人の詳細,パーソルエクセルHRパートナーズ株式会社,在宅OK in 東京都 中央区 銀座,https://jp.indeed.com/pagead/clk?mo=r&ad=-6NYlbfkN0DiSVIy9fX4jmqxo-H-00vSJJZbhDOfslcA6ift4xS5DTwS_aR3M5xla4mnfid0GwSxYuEFDMzJGlrZFeRx18JpLQHr5H3IOvn0kYZooUMlpvdL5dLSnZk6ZWvGogx6XqXVO3ZbXzu0zq1B1DxlTgrfXfd0ciO-C5Qkb6ZLFpPfgKVTYuBElUt9qp1tAolkBp3A2kfI1lu9aknKkTQs5fFpR257WBRWKkSlzJpMDrvPwy5omkRYDf6u5wym5IMLA4jqps5hPJHAo3PQBulAgg8F0RPiT3o2FaX4fU2OZ8IVJAv6Okf6RL6ViPgVvktEjDxm6XUH5RLfV4u-S64gNeE7G9BxgVMvdw_uBGt3zMscwW9Vw1dvFhnR4VhXhxyRHxLglHwYV3o0EPN4hiZwUrQ69LauaxLhojZ0DY7K7NgVhY3TxacWyJ3jp-hNSaP_YAuPoT3_mPSiJn_bDr10HmbNdXxGs9JtcQ6k5llBXfqLuTeXlWtbh3NpJEhvzbFDNFA=&xkcb=SoAj-_M3KCa5JEzkxB0IbzkdCdPP&p=3&fvj=0&vjs=3
ITエンジニアの求人の詳細,株式会社ネックス,東京都 豊島区,https://jp.indeed.com/company/%E6%A0%AA%E5%BC%8F%E4%BC%9A%E7%A4%BE%E3%83%8D%E3%83%83%E3%82%AF%E3%82%B9/jobs/It%E3%82%A8%E3%83%B3%E3%82%B8%E3%83%8B%E3%82%A2-c21ca1b1dc5f60e8?fccid=c2151687496c90e5&vjs=3
フリーランスエンジニア・新規アプリ開発(Java、JavaScript、Python、C、C+、PHP等)の求人の詳細,株式会社アスタ,在宅OK in 東京都 千代田区,https://jp.indeed.com/company/%E6%A0%AA%E5%BC%8F%E4%BC%9A%E7%A4%BE%E3%82%A2%E3%82%B9%E3%82%BF/jobs/Java%E9%96%8B%E7%99%BA-d83d76e485c6fefc?fccid=f07b77eb7995779a&vjs=3
【リモート】Python/Djangoエンジニア 業務システムのバックエンド開発の求人の詳細,イチアール株式会社,東京都 渋谷区,https://jp.indeed.com/company/%E3%82%A4%E3%83%81%E3%82%A2%E3%83%BC%E3%83%AB%E6%A0%AA%E5%BC%8F%E4%BC%9A%E7%A4%BE/jobs/%E3%82%B7%E3%82%B9%E3%83%86%E3%83%A0%E9%96%8B%E7%99%BA-1b6118c9daaedbf0?fccid=09ae2ee7800d6870&vjs=3
【在宅】Python/PHPエンジニア Webマーケティング開発運用保守の求人の詳細,イチアール株式会社,在宅OK in 東京都 渋谷区,https://jp.indeed.com/pagead/clk?mo=r&ad=-6NYlbfkN0Bsc7vIvQrqLqHWf2CvnGd9Cnn_g0Jz_ZsZOSdDPKuzJVLPFM2vWcy_isuWjgXaFr7K0B_xqTRaSnzdbYnk5KAa7RRecVhvv-0Bxxp_sEyqfugoVtI4rFvA_jVNATS1Nr38uQPIEFDWMoSFjBtCc9r-wXK0sGg2pPNhEayH3aiuidocPGxpwBJ84VItIx0V0fvRKST_US6d-6OIOJMOLy9fn5DGo_fAqdZdyZdnViVh-dxLB82T5fyZshuCiaiVx1paOINAyQZD6cjo53oaPqbTM7lQK-tKObs_YGP-hhZ9EoC7E9uU5AfZJHrsNBbUtcgcfo9fANvwjzY8si0Th1eYd3DbDQ6Nb3-j_p4uw4DsiGM2mfmRt1kLaP_X-g7EwYBW8EGMn5GnJbD_-Yy7In0zn6ff8wr_hM4pLi-h0e2wK7ARmodm2P-HeeNKAHKYAQ1n8RR2bNyI3oSowa-Zehh2pEyNg_jp152FrqWU3tJ9FxWjfSsiNBuEQsyem7Hy2FRHQBir--X56kFb9wce6JrZIkjD1MmYaBrVrGEJcoSBvpegxqANS4f97BvZGuibNZkEHedcF2pVEgznA-Q3eBuYZvXpVIpzCxnRYQHE5mgrUVi9j_mzsVdo-WiGh0rFM2-GUnDNlWp-O3J-SW1QUOUq1LdiEGF4XGE7eO2LuImhUR9LY6lsbOjyD9oHLMOBE-MkVqwk8oqYsH_vjc2RnnjO0OtrW6z6X8l1jo_bSEHEKFMSmtjVzhHBl3n_isOcRJywOnOV2v6RjqdC2a0Vp5-tUgAaeN88RgXjdyd9UtbXigwIlPZISyNJjqFGZGTGlahytIsueLQ83zY67OIO1hiVV8ds85vPFLvKByGvTnxpvF2Ttee5POlcGYlCL-RlBM2Pqli8qAq_4lXE8XRYeQCS3lUgIgZGrMLwxs0r3FSzVulPPMbNTMHvriiq7AQST7zwG1vSJeaskcDwuwhNSQvJgYmJhFuTOSO24eqpfSI4xpdhtVQKlQmTZawP1w00DjieNIB9zb0ZDAPfgitmWydQiWui_Q-BENXcpqag4LsGwCunZyop9i4k-zC-fciq5F3E8EPM_CHUXvi8aZI-x0azy0qhAhEphVtIP44c8PmITnbtZX5HPMGLT1bbEUs0XdfA-2ZzQI20tj1DfnE5krI3YKVjeQe1G6mL5mjkJvHEtlUnKjYj2h7cfIPwcseo1w0zkvHQc7rSTo_HbTnYBfC7&xkcb=SoAw-_M3KCa5JEzkxB0MbzkdCdPP&p=7&fvj=1&vjs=3
Python/SQLエンジニア Webサイトデータの分析の求人の詳細,イチアール株式会社,東京都 渋谷区,https://jp.indeed.com/company/%E3%82%A4%E3%83%81%E3%82%A2%E3%83%BC%E3%83%AB%E6%A0%AA%E5%BC%8F%E4%BC%9A%E7%A4%BE/jobs/%E3%83%87%E3%83%BC%E3%82%BF%E5%88%86%E6%9E%90-d31e8404ed850399?fccid=09ae2ee7800d6870&vjs=3
Pythonエンジニア,Lambda/警備会社向けシステムのバックエンド開発業務の求人の詳細,株式会社Arkanoids,東京都 渋谷区 渋谷,https://jp.indeed.com/rc/clk?jk=a4e34e6c6a441374&fccid=a3d18795913cab07&vjs=3
Python/ フルリモート/ 機械学習エンジニア/ フリーランスの求人の詳細,identity Inc.,ハイブリッド勤務 in 東京都 23区,https://jp.indeed.com/company/identity-Inc./jobs/%E6%A9%9F%E6%A2%B0%E5%AD%A6%E7%BF%92%E3%82%A8%E3%83%B3%E3%82%B8%E3%83%8B%E3%82%A2-41c9edb36cace007?fccid=253091c4a8733eae&vjs=3
【Z世代のエンジニア育成】Java言語/Python言語/Webアプリ指導講師の求人の詳細,ケイ.イー.シー.株式会社本社,大阪府 大阪市 北区 大阪駅,https://jp.indeed.com/rc/clk?jk=23612f75e2faf2c9&fccid=71ea2bf3adc68136&vjs=3
Python/資金調達プラットフォームのデータサイエンティスト募集の求人の詳細,ギークス株式会社,東京都 渋谷区 渋谷駅,https://jp.indeed.com/pagead/clk?mo=r&ad=-6NYlbfkN0AEZeQ5BDHuTqhiTI2118DcpXXxVE54bpFUdQLTLs7Ju6skzmOmnDwKYSyD-iwdsouFHtCC9p7zw3ZQgtZWj0lxmaXAjVWMf9YQJ3J_CMBFJ6Q9ke6SPrhgem579jLB2HSfBROW5cI1K-hXGbEnt-RGCFwSrKrHOYCtIyV1buwTLVcbmPd_nQ2UKzOelo4nlf2sbyPOmIqGlxqJfDAakqsedlMyMA-glR5ZuGt_KkehjNYi9jUlF3KwWztRX8hVCOCUUNSjRi7G-CKCQquq2fTS6CsDMHF4xFQVHCAXk7Rw3n0C64VNEGRLmGXJwl-ee_rfHUvfksGGzBZTrq_9VofFK63EmJsoz6vXNCUlSFCUuJ6uj4vH7rNijqDN0cx4hSabAUKBTtAkaHJW2ozPnprUAr-vQW6Q-xuhRC7K1A9WdaA1bRFhvfZBNkipJu8fwNR4o8vQNED5Qa5J5y3VEHDOHdzPMpazgHZzuoz5zIdQe9gmu94OP11dqJf9pM2LFMZpw6OXNNlIrGLQrtyqkCWpZth1tIvOAMvDWn-ORm8N2DyaVbEF_4-QgxIfEbvP4NvtXTvCF0skJAonmSS72jZKBxgYa6ZZReRcLHnTdd77wLwpQhNK7PBw&xkcb=SoDK-_M3KCa5JEzkxB0HbzkdCdPP&p=12&fvj=1&vjs=3
Python開発の求人の詳細,株式会社富士三和総研,東京都 板橋区,https://jp.indeed.com/rc/clk?jk=f6b2065a7c9e3241&fccid=3e30b653b3b0d002&vjs=3
Webアプリ/ツール開発 (Ruby/PHP/Python/JS)の求人の詳細,京都エンタテインメントワークス株式会社,京都府 京都市 中京区 泉正寺町,https://jp.indeed.com/rc/clk?jk=cffb46f1cb755d9a&fccid=6a5e56d670a85f3f&vjs=3
システムエンジニア/未経験可/土日休み/Java,Python,PHPの求人の詳細,アッシュワールド株式会社,大阪府 大阪市 中央区 南船場,https://jp.indeed.com/rc/clk?jk=7ed6646ca65a9da1&fccid=3335c156793d410e&vjs=3
【VB.NET】車両検索業務システムの開発/開発エンジニアの求人の詳細,パーソルクロステクノロジー株式会社,大阪府 大阪市 北区,https://jp.indeed.com/pagead/clk?mo=r&ad=-6NYlbfkN0DiB0UW_1NZIJ9skl3XvTMASDSGCbiIE45lKiSzIAB83J5zNxg2Lx1khv57e3N_88DXxCJgNQUkIno-re5NWZ-ETTY0Xps2KAKixCPC392S3YZljSFBMHp1LffE867qRmOjojAaUWTFKMNL7AX6YyHvD9Jw0WeUejQJ9q8kpldWPXd41y99hwBr4qQvUgVSpxxQ8tz8jBWt-tXDahA_8E41gCsif3zBv5acMnz2WWI91-bYMwL4qayWxn1JFxTxeppT8qcrAHyknwTcbJAfZi1-4vPSby6XA6yKgI618dR2CS-WHQXq0iB4ZFbD9T-rmIp5qmGBsSUl63GONV_bmTFv7djEB6BSbWoLuyBIcMa3Jk3DmOJlopBa5ReT6I965E_z-TjBpoLJLy8T1GmLYAH-D7kn97AoMqxi0qkuswA5skSYLOHTZyMkf5CovV6aMn6oFlPx3ozarZAZ01L8Od-wNaidEuDpE2vJ0jddg-Vp_yqvVc0hgrXDDQEpO7XfsTKNvgplOiu1Bmv8iRSNchUJ7_ul2718SQ1L-YSNJSCy8pxb7DIksq59ypvX_zzCeMf2O0A5w1QYkRJDPImI4qeL8Ju9Yk1eShmR3DzlZxQWCqZAI7OVJq1ZTY2Wcivc-J2_bH0xRY6cAOKI7rxZp6zeT9XdzelXq9KfLj4iGW2BnvZsr1AIjai1qgkEx-eLFQTLxRLoLngkgKJQX22TXbUq3pwX4qosSPf9vOQcdGfFXpdjmKPuMr6RV45bLhqiWotPZo-Nv16t8FwEMPFw2Gxc&xkcb=SoAO-_M3KCa4_-gQNj0KbzkdCdPP&p=1&fvj=0&vjs=3
web系エンジニア インフラエンジニアの求人の詳細,株式会社コーボー,None,https://jp.indeed.com/rc/clk?jk=087cb6cd30a40782&fccid=6fd7bffcf212535b&vjs=3
Python ITエンジニアの求人の詳細,株式会社ハーベスト,福岡県 福岡市 中央区 天神,https://jp.indeed.com/rc/clk?jk=ccf0cf675f387fa7&fccid=0d2d0024a014669f&vjs=3
Pythonエンジニア/PoCによるマクロ再構築業務の求人の詳細,株式会社Arkanoids,東京都 中央区 日本橋馬喰町,https://jp.indeed.com/rc/clk?jk=88458282730c7396&fccid=a3d18795913cab07&vjs=3
Python,Lambdaエンジニア/業務アプリ開発業務の求人の詳細,株式会社Arkanoids,在宅OK in 東京都 渋谷区 渋谷,https://jp.indeed.com/rc/clk?jk=ac1e5c0ebdcd2d98&fccid=a3d18795913cab07&vjs=3
Pythonエンジニア 自然言語処理における研究開発の求人の詳細,イチアール株式会社,東京都 渋谷区,https://jp.indeed.com/company/%E3%82%A4%E3%83%81%E3%82%A2%E3%83%BC%E3%83%AB%E6%A0%AA%E5%BC%8F%E4%BC%9A%E7%A4%BE/jobs/%E7%A0%94%E7%A9%B6%E9%96%8B%E7%99%BA%E6%A5%AD%E5%8B%99-3f02d41564bd94ec?fccid=09ae2ee7800d6870&vjs=3
【リモート】Pythonエンジニア Seleniumにてテスト自動化の求人の詳細,イチアール株式会社,東京都 渋谷区,https://jp.indeed.com/company/%E3%82%A4%E3%83%81%E3%82%A2%E3%83%BC%E3%83%AB%E6%A0%AA%E5%BC%8F%E4%BC%9A%E7%A4%BE/jobs/%E3%83%86%E3%82%B9%E3%83%88%E8%87%AA%E5%8B%95%E5%8C%96%E3%82%A8%E3%83%B3%E3%82%B8%E3%83%8B%E3%82%A2-8dcc0d5990407f57?fccid=09ae2ee7800d6870&vjs=3
【Python / 経験3年以上】自社サービス|~70万|新宿/リモートの求人の詳細,株式会社ビズリンク,ハイブリッド勤務 in 東京都 新宿区 新宿駅,https://jp.indeed.com/rc/clk?jk=0af0d3b75a0340ee&fccid=b0694a5dc3a48bd7&vjs=3
Python/新卒向け就活支援webサイト開発のエンジニア求人・案件の求人の詳細,株式会社flyhawk,東京都 渋谷区 神泉駅,https://jp.indeed.com/rc/clk?jk=c8737c49ff04eea7&fccid=de7a7b3b3139bf61&vjs=3
【Python|経験3年】toC向け内製Webサービス開発支援|サーバーサイドエンジニアの求人の詳細,株式会社ビズリンク,ハイブリッド勤務 in 東京都 中央区 茅場町駅,https://jp.indeed.com/pagead/clk?mo=r&ad=-6NYlbfkN0BRHm2IxWC4713jVl4c4cUIIbv2KI-0hD5gZ9F6ipdBrByjvUVmAvhwPFUJi3EKsUvbZ7wRL9ZDFchsw0rbR4X3VUBn2_iCJ7xpS97CIMJRwEkqJtmTvU6FQGEIkCUQkaWUIbe4ZeoDlSpeBcxZmuz8-DZfDb7yUW2CKogCFX_4M5G-YKxcPuQFm6muPwneoHWUoVlGW4npsz0lj1XbOVilnegOMWTP_P9up7eNuA1D0UdfBNcuwvE54uCd9uBhrv_0g3ToAjk5AginKpXy7FCDxgLy3qpLsomu2XUwVItPBYEuQgV0qHNxUyYz9V7qfXbmkhwynwxjfkW39be-ZgRnItV0VZ6SG-j_rpkNezp7htNhJnOXPfux2VNyu6EkCDdUAQI16PpqIhMoMdkmhrSyYU4jTBbsHDLUCigvsz0Xr3ZYGCBkDmAAAU7uvQt8PY9RCzO-YYWPjNjwaGjaElESvnvpRBqw5xcQUBSQJEPkG1wlb2Y7i1GGGJrX7wbKjgwBQ_jbCxXN4qEciq8-XITYXl-wVxpKyw2SCxJks57iEf9hCkECvXtPmAtcmxnKM4bAndF5cwr9Z6RSMRh641DV-QER521jUFqNgj6HFKRgw7XpXuni_T_OjUpL85Pe8FDwOKJfYzozwSKYE3zPXE_T7zpbbuB3uVpFKt304p7clVAJrMQybgk5145jQFhgpfU=&xkcb=SoD0-_M3KCa4_-gQNj0BbzkdCdPP&p=10&fvj=0&vjs=3
エンジニア Ruby Python SE・PGの求人の詳細,株式会社エフ・エフ・エル,東京都 港区,https://jp.indeed.com/rc/clk?jk=172ce73b0415ece4&fccid=140c52f632e8b8ae&vjs=3
Python/FinTechサービス開発の求人の詳細,株式会社flyhawk,東京都 渋谷区 渋谷駅,https://jp.indeed.com/rc/clk?jk=ad9ff9ab5b211bf8&fccid=de7a7b3b3139bf61&vjs=3
Python/ フルリモート/ JSONとYAML変換API機能開発/ フリーランスエンジニアの求人の詳細,identity Inc.,ハイブリッド勤務 in 東京都 23区,https://jp.indeed.com/company/identity-Inc./jobs/%E9%96%8B%E7%99%BA-f623c7ad8a9d1e27?fccid=253091c4a8733eae&vjs=3
ゲームエンジン開発、 環境整備、 R&Dエンジニアの求人の詳細,株式会社ディンプス,大阪府 豊中市 新千里西町,https://jp.indeed.com/rc/clk?jk=78b0d763d2706d51&fccid=f814dc6d5713af85&vjs=3
フロントエンドエンジニアの求人の詳細,株式会社コーボー,None,https://jp.indeed.com/rc/clk?jk=4713f860fb4c505b&fccid=6fd7bffcf212535b&vjs=3
IT関連、観光デジタルマーケティング運営系DWH、可視化プラットフォームの開発の求人の詳細,株式会社スプラウトジャパン,宮城県 仙台市 青葉区 中央,https://jp.indeed.com/rc/clk?cmp=%E6%A0%AA%E5%BC%8F%E4%BC%9A%E7%A4%BE%E3%82%B9%E3%83%97%E3%83%A9%E3%82%A6%E3%83%88%E3%82%B8%E3%83%A3%E3%83%91%E3%83%B3&ti=%E3%83%87%E3%82%B8%E3%82%BF%E3%83%AB%E3%83%BB&jk=aeb9050050c77771&fccid=808f945e5a4ed909&vjs=3
プログラミング講師(Java、Python、C言語、PHP等)の求人の詳細,株式会社アドバン,福岡県 福岡市 中央区 天神,https://jp.indeed.com/rc/clk?jk=a2f1cc2493e5ce83&fccid=6f05314498647fe1&vjs=3
SQL,Pythonエンジニア/データ抽出・加工業務支援の求人の詳細,株式会社Arkanoids,在宅OK in 東京都 23区,https://jp.indeed.com/rc/clk?jk=9135bddf2967a643&fccid=a3d18795913cab07&vjs=3
自由な社風のITベンチャー企業でデータエンジニアの求人の詳細,株式会社Review　リビュー,大阪府 大阪市 中央区 瓦町,https://jp.indeed.com/pagead/clk?mo=r&ad=-6NYlbfkN0DiSVIy9fX4jmqxo-H-00vSJJZbhDOfslcA6ift4xS5DTwS_aR3M5xla4mnfid0GwRMPIocIMFpvYOTR8d1_0W9JBNgecrvJNpmCqnqGktodEK72IWni7o8zZ7fUZZdlYJcmsSfz1TFTuWW7ddLVPp3_Y8NAh7nRMEbAtLgBNnkFai9WcI3DitZT2bSttrc7zj6ZjT0wpsGaUHxH4WVSV_eoNOJj0PoSgXcnYer9upfR_0ImdSHq9P2Qhd6UHFvXbiYuDwhmYN_sHF5mi0JypPugq8TlU6NEl8nME4EoLv6es0u22PnvRw8GNpx07fEGJwKdWZNLDpIVIyV6wpFu66PVN_NBRmFZTIKYkt20TpGTNHuGeU7cP-svHt2WvVTlDC5k-uDrwNWCwokG3yoibdzTHc6ubhVkyNQTtL6kRxOP_OfA8xcS8t3rRpn9bW4qnQOVHlEhIOyD6nZdulL34jmUr6xRyUmmBdzfeG7kcjUY2DuAsarnq5GdWF3rtCOvog=&xkcb=SoAU-_M3KCa4kOwJbJ0PbzkdCdPP&p=4&fvj=0&vjs=3
【未経験可】データエンジニア/データサイエンティストの求人の詳細,株式会社リスマ,東京都 品川区 平塚,https://jp.indeed.com/rc/clk?jk=87e01a0f612d23ef&fccid=6bb6184976eb89b7&vjs=3
システムエンジニア(Python開発)の求人の詳細,ロジックプラス合同会社,大阪府 大阪市,https://jp.indeed.com/company/%E3%83%AD%E3%82%B8%E3%83%83%E3%82%AF%E3%83%97%E3%83%A9%E3%82%B9%E5%90%88%E5%90%8C%E4%BC%9A%E7%A4%BE/jobs/%E3%82%B7%E3%82%B9%E3%83%86%E3%83%A0%E3%82%A8%E3%83%B3%E3%82%B8%E3%83%8B%E3%82%A2-3790738e4c1bd914?fccid=194b137a3ae7f86f&vjs=3
Pythonエンジニア テスト自動化のスクリプト開発の求人の詳細,イチアール株式会社,東京都 渋谷区,https://jp.indeed.com/company/%E3%82%A4%E3%83%81%E3%82%A2%E3%83%BC%E3%83%AB%E6%A0%AA%E5%BC%8F%E4%BC%9A%E7%A4%BE/jobs/%E3%83%86%E3%82%B9%E3%83%88%E8%87%AA%E5%8B%95%E5%8C%96%E3%82%A8%E3%83%B3%E3%82%B8%E3%83%8B%E3%82%A2-d6b84a8766152d60?fccid=09ae2ee7800d6870&vjs=3
Python/Ruby/Perl/PHPエンジニアの求人の詳細,株式会社ビットストロング,東京都 文京区 春日駅,https://jp.indeed.com/rc/clk?jk=92048389ab655746&fccid=01cd83190a9eea30&vjs=3
ITエンジニア【SLM/PLMシステムコンサル・開発(Java/C/C#/PHP/Python等)】の求人の詳細,株式会社アイ・エス・テクノロジー,None,https://jp.indeed.com/pagead/clk?mo=r&ad=-6NYlbfkN0CTYm8reshEX55vA2Ax4m4lVHibktDQFLrATV903TTV4GH7bya7HLPA7ZedH-YLjvK2eludb61-OAUgyofBmTk6Jup_8ghap176w8vA1SspdtXeJ44Zqf5_8WpAiOnQhvujqBYWREtSz8Can4q92P2fhxBb8piTRptVG2BreacJsM81bVRCPn3WQsfU3S1uLS1-MIPSfYdGvA0NkdwtzarSAGOKRhoz_8DEmLkZH-Rkp_JbN4eh7sf_5tyP_rrmjF75bVnMPfvKwv9iOH3lYoyHit0XDDSSDmaIemTdGlSh87167FifmZe13OPv2CSBw0eOXSzQeAbUXKfl-MlSc1Za_qFnibgGtVd7xOiHrkKpzfc78AYVLiG__f7K-TXzj-bsLf69Q4seULSQCY8xJs-0yFcIFBVeWMB5_I43nUi1Me1_QUzXuXelW4B4NCTGBv6GF9vdjrEIPS-HfrLGZnLJdi8dRJTVBlS4qeF_6eYD1zFlNnw6ri5sd7S32inLnVwt5b9AaULXfrjUD3eK7ZwcK6tCaJviRac_cOz2ZVN998I0GYge97Q7AmsfIfyMtftnehCYmAsN7rXjRo4mPSfu1AZlvfpfgMXj1KoPRDFiPEq-cqtPwmdIgskW2CdMELPEO_j51GGJOOXmbQeROEtq6EFZtn5XU0RV_YyTJhULEd4isJkkEdoZAUB-a1WEKIoOYqHlSRgfl6nVmVKpaVacNuBGPibiKt5-swo5cx3LjHQAaplcKSjTYfkg0tiLjoYi1zTptmeZwhFksFftXMsa&xkcb=SoDU-_M3KCa4kOwJbJ0CbzkdCdPP&p=9&fvj=0&vjs=3
【Python|経験3年】社会問題を助けるための自社サービス開発支援|サーバサイドエンジニアの求人の詳細,株式会社ビズリンク,ハイブリッド勤務 in 東京都 江東区 東京テレポート駅,https://jp.indeed.com/rc/clk?jk=937d9141df5c4d81&fccid=b0694a5dc3a48bd7&vjs=3
Pythonエンジニアの求人の詳細,株式会社Arkanoids,None,https://jp.indeed.com/rc/clk?jk=c117f1f07ec0473d&fccid=a3d18795913cab07&vjs=3
3DCGアニメーターの求人の詳細,株式会社クリーチャーズ,東京都 千代田区 九段南,https://jp.indeed.com/rc/clk?jk=e250321e0a12c4fe&fccid=515dd3073419e1a1&vjs=3
サーバーサイドGPTエンジニア(Python)　ポテンシャルエンジニアの求人の詳細,株式会社improve,東京都 渋谷区 道玄坂,https://jp.indeed.com/rc/clk?jk=8c730a1cc07c805e&fccid=c55a65615340a9f0&vjs=3
AIエンジニアAIプロジェクト在宅ワークの求人の詳細,株式会社improve,在宅OK in 東京都 千代田区 神田須田町,https://jp.indeed.com/rc/clk?jk=81eb59fbd1ded23b&fccid=c55a65615340a9f0&vjs=3
クロール・WEBスクレイピングエンジニアの求人の詳細,株式会社ランドスケイプ,東京都 新宿区 西新宿,https://jp.indeed.com/rc/clk?jk=c6355a331d270824&fccid=6c61a547227d6445&vjs=3
Pythonエンジニアの求人の詳細,株式会社アウルキャンプ,東京都 文京区 大塚,https://jp.indeed.com/rc/clk?jk=d5ed83a675c4ac40&fccid=840f8fa8cd1c2924&vjs=3
Pythonエンジニア・プログラマー(SE / PG)の求人の詳細,株式会社ライズサービス,None,https://jp.indeed.com/rc/clk?jk=3166053169812ab6&fccid=c20feac8b7ee49e4&vjs=3
2024新卒採用 - 技術職の求人の詳細,株式会社MonotaRO,大阪府 大阪市 北区 梅田駅,https://jp.indeed.com/rc/clk?jk=5f4ffe3a5d6930ba&fccid=e9def5b670022cbb&vjs=3
バックエンドエンジニアの求人の詳細,株式会社コーボー,None,https://jp.indeed.com/rc/clk?jk=0ffe5274bf2e81f0&fccid=6fd7bffcf212535b&vjs=3
Pythonエンジニアの求人の詳細,ZETA株式会社,東京都 世田谷区 三軒茶屋,https://jp.indeed.com/rc/clk?jk=dea3ffee385800b0&fccid=a246baa4828fc097&vjs=3
実務経験不要のデータエンジニアの求人の詳細,株式会社Review　リビュー,大阪府 大阪市 中央区 瓦町,https://jp.indeed.com/pagead/clk?mo=r&ad=-6NYlbfkN0DiSVIy9fX4jmqxo-H-00vSJJZbhDOfslcA6ift4xS5DTwS_aR3M5xla4mnfid0GwRMPIocIMFpvQ4wNynK4YUnouT9aoaiEv3AAj-j8BH0uFJrHNVfIc2mjChqdPWx8q2VLFVDu_JLEJ8qDHBI7hIqi3vDdY4ny-0oE35CUEFBLOLynSCZYhsTs6iiAJ6TjE6W3jNmyPCJq_DfE1pLd0RK6TC5lUcITsonn37PAnhvm-KFq7CFCau54THI-4bNUS8RHL-ud2IpHbze2Hq7Lw27ebFhk5HzHBGvYSCRUkZ_qJOe8nmFcofea2CsqFWesAXaTXgEZ6FThQBarcaDmWb97tHlaK1ccoeZ-7qczdReBb3R0XSU36zu_uDLZxWiyF64numjIBg6fW37XO84b_hOD3f8QTkAvKOOONvA19bdynG_Go1tI16YvR9KcHjo9pBPF-N3_5axus43asujuE8kfpFK0_Iobb54yU29YMDWCrcuVTRyIRhLRH_UrV_ovn0=&xkcb=SoBG-_M3KCa4p7QJXZ0NbzkdCdPP&p=6&fvj=0&vjs=3
SE・Pythonプログラマー(AI・DX関連)/在宅ワークOKの求人の詳細,株式会社DXコンパス,在宅OK in 東京都 港区 西新橋,https://jp.indeed.com/pagead/clk?mo=r&ad=-6NYlbfkN0A4Zf46hCzM8MxvJQeooWv1OHlPsj283ECAjBffgsdtmxPHKQcrSekzHxz2BMzaocmNN3WCjU_sludQMoD-7mmiTCeGVx7NQNSkbRa7yquskVkNExy4gn8Zgvx0FmfU73-ROuBqXOpmaMPE4jrcyuhQTZbIOtbjsZfi6s3sy5qGdRwYbTqNahBuF_cUmGKHyAhYhC4gnOT1T8VMj9DvfDetwrVBdVsZgwseTgYqKa6U5CLQlGLuht0jGTnr2yIV-vHW9BAthm2mXcakYoikaDrFry44_XyBUujFpOCAZTy7asq-3Mp5mtsi7CrOS9o9liYxV--HFXildQXLqEck4FmF7_ZJOVHqp6FOrqTV7HXbmW-xVsQr6A8PmuICuOybMiVYts056XEhKdPeNkvFvx3AGPKKglKbavPQgMbdtM03ySwAnb-tBWVFmrPnbaY6iym8ruEO6edbjTjVXm-8YfZN89QYwD20mrgOEtnevRM1kV3zJXnJJH8WSOsYI8UkuFfWjriURCVnXyvHBcRMmxod1eNLas3Qkjg-y0CSpItieRbDnNYH7w3BGRhcKIK3vOo75eYRhoHKcqeLAmnEVDNRcyDM_N6tCcWvhANCwf2yoyQ17awYOFYntwe7SZR0pPm-GUxLRdc8XEEgh6aYlsNJKE5muXCUt7dFk8dtlBM7IQ==&xkcb=SoDy-_M3KCa4p7QJXZ0MbzkdCdPP&p=7&fvj=1&vjs=3
[派]【週4、時短勤務相談可】PythonでのWebシステム開発の求人の詳細,パーソルエクセルHRパートナーズ株式会社(エンジニア部門),大阪府 大阪市 北区,https://jp.indeed.com/pagead/clk?mo=r&ad=-6NYlbfkN0AazyjkkglIXPVH_lV3qj3gL1eBliOA52oxvdq-eMiHAujJayC7T0ycF5k7GjTO-ff4VKfHo0EZ3T2PPaaltEHp9oK8-_EZ-OFLiOSPXpEQMvw-ghzwCKlaiOewunpFQ8wpVu_QHGFa3CVyGLtLYzu4IALdcOxf29lUTij0L_Vvaz0H6rDEe_KLA7yL38fk6C9yzyo0M_DDrs5cbh8oKA92SZAkJVdSva3WcJCbxhyvJS7X6Y1P-nJsGdUsTe5kMxCtSucV9_p0MChFYgOsOgolD6pvlLo5Yor2rFH4KF_SJqYVlQAGWREsi9v4uYLZkQ9Rbjn4tdOOGXTfBHShmfYgWyBxbWM9MquQ_1JiPO6c6ThaGIDHKu0FgtSF3Ji48Be9OkDbgZLhW7m-uSsR0VQ8q2j80dmJ3Gj3pmq-0A6O4wEB4HEKyJZFPC4q1m3cCQvmTEKuvDKSKqHYr2gv7eoRk7EuypOf6cVevFKJo0xgrKekErpRUzXjiK6ec1ROVYY2CZrOW-qiQKikhHNqJWI8WiUqPvbbI7KYpBMIyveOxtckI4m-4ZA6b1_TOgIaar5GJ_KTs7iB2m2_OIsqZKxTvUmY6mcdjBgXOIoew0AHIdG6q61TEqCr3IxDopktZQ4=&xkcb=SoAb-_M3KCa4p7QJXZ0DbzkdCdPP&p=8&fvj=0&vjs=3
バックエンドエンジニア フロントエンドエンジニアの求人の詳細,株式会社コーボー,None,https://jp.indeed.com/rc/clk?jk=1424b6f23971d907&fccid=6fd7bffcf212535b&vjs=3
LED照明およびIoT製品のソフトウェア開発 ※2023年5月31日更新の求人の詳細,アイリスオーヤマ株式会社,東京都 大田区 南蒲田,https://jp.indeed.com/rc/clk?jk=0b0c0bce37c69d20&fccid=43b30828908e6c06&vjs=3
Java・Python/オンライン旅行サイト開発のエンジニア求人・案件の求人の詳細,株式会社flyhawk,東京都 新宿区 新宿三丁目駅,https://jp.indeed.com/rc/clk?jk=cda1506d32506097&fccid=de7a7b3b3139bf61&vjs=3
システムエンジニアの求人の詳細,株式会社アプリズム,大阪府 大阪市 中央区 難波,https://jp.indeed.com/rc/clk?jk=594d406f91842883&fccid=c0ae47e47bbc5188&vjs=3
ITエンジニア SQL,Python/バッチシステムの追加開発業務の求人の詳細,株式会社Arkanoids,東京都 千代田区 麹町駅,https://jp.indeed.com/company/%E6%A0%AA%E5%BC%8F%E4%BC%9A%E7%A4%BEArkanoids/jobs/%E3%82%B7%E3%82%B9%E3%83%86%E3%83%A0%E9%96%8B%E7%99%BA-08ce900e727c06c6?fccid=a3d18795913cab07&vjs=3
[派]フルリモートOKSQLやPythonを用いたデータ分析の求人の詳細,株式会社インフロント,東京都 港区,https://jp.indeed.com/pagead/clk?mo=r&ad=-6NYlbfkN0AazyjkkglIXPVH_lV3qj3gL1eBliOA52oxvdq-eMiHAujJayC7T0ycTOc77zmeScTgtfpP7XK8J20xYY6fFHenFqhf8aBAXssvu08eEXcZXis16V73yDyNE4fY0RzJ4E1prUNi2U4ilmcbk8tyYfVF8UBWxThA1ekBJmNnn-IFWV4uNsbBGB36F0CgI3CNFh_3WTcKhSdXoI9y-gTWfHzpcT-Gx8dST95_6xUFEyFEGswj9OQzhQFrXO85H00lmybMJe0HiULAcNNhtUq1T948sK-cGxZhVnS97unSj3p-SHwMQBQ3D4Ho5Qg0GGtKc-1n9FUrIeWA4xONY6a5VJwtu1wY1BmtnEfvePPjM5TB0lanTxR4GVMWqM1WmtKF1TekLpToY3K-ezPQuNie8H7O0qAEVWakvrJrdfi9TVRvYXvAUtwbxyDEGSAI5YdYIRG9gAIptCFwVELP26nVQqS88N-fEBocOMeiDcIy1R_ndJTADOj0MbVybL42g-fh2pTBKt4saIsbdJiIjf_6XT_U8q6Qhsuni9zoEWBElH0EaXT_zBVSYDLSGhDH4C-loWAY2pupv7Q_Uev0Orhijf5cFCmp2Trf3_4pFP21ITPeftWzEbSG94tY&xkcb=SoAh-_M3KCa4p7QJXZ0FbzkdCdPP&p=14&fvj=0&vjs=3
